DELETE FROM CARPETA;
INSERT INTO CARPETA (CARP_CODI, CARP_DESC) values (0,'Entrada');
INSERT INTO CARPETA (CARP_CODI, CARP_DESC) values (1,'Salida');
INSERT INTO CARPETA (CARP_CODI, CARP_DESC) values (12,'Devueltos');
INSERT INTO CARPETA (CARP_CODI, CARP_DESC) values (11,'Vo.Bo.');
DELETE FROM SGD_TRAD_TIPORAD;
INSERT INTO SGD_TRAD_TIPORAD (SGD_TRAD_CODIGO, SGD_TRAD_DESCR, SGD_TRAD_ICONO, SGD_TRAD_GENRADSAL) values (1,'Salida',null,1);
INSERT INTO SGD_TRAD_TIPORAD (SGD_TRAD_CODIGO, SGD_TRAD_DESCR, SGD_TRAD_ICONO, SGD_TRAD_GENRADSAL) values (2,'Entrada',null,1);
DELETE FROM SGD_TIP3_TIPOTERCERO;
INSERT INTO SGD_TIP3_TIPOTERCERO (SGD_TIP3_CODIGO, SGD_DIR_TIPO, SGD_TIP3_NOMBRE, SGD_TIP3_DESC, SGD_TIP3_IMGPESTANA, SGD_TPR_TP1, SGD_TPR_TP2) values (1,1,'REMITENTE','REMITENTE','tip3remitente.jpg',0,1);
INSERT INTO SGD_TIP3_TIPOTERCERO (SGD_TIP3_CODIGO, SGD_DIR_TIPO, SGD_TIP3_NOMBRE, SGD_TIP3_DESC, SGD_TIP3_IMGPESTANA, SGD_TPR_TP1, SGD_TPR_TP2) values (2,1,'DESTINATARIO','DESTINATARIO','tip3destina.jpg',1,0);
INSERT INTO SGD_TIP3_TIPOTERCERO (SGD_TIP3_CODIGO, SGD_DIR_TIPO, SGD_TIP3_NOMBRE, SGD_TIP3_DESC, SGD_TIP3_IMGPESTANA, SGD_TPR_TP1, SGD_TPR_TP2) values (3,2,'PREDIO','PREDIO','tip3predio.jpg',1,1);
INSERT INTO SGD_TIP3_TIPOTERCERO (SGD_TIP3_CODIGO, SGD_DIR_TIPO, SGD_TIP3_NOMBRE, SGD_TIP3_DESC, SGD_TIP3_IMGPESTANA, SGD_TPR_TP1, SGD_TPR_TP2) values (4,3,'ENTIDADES','ENTIDADES ESTATALES','tip3ent.jpg',1,1);
DELETE FROM SGD_TPR_TPDCUMENTO;
INSERT INTO SGD_TPR_TPDCUMENTO (SGD_TPR_CODIGO, SGD_TPR_DESCRIP, SGD_TPR_TERMINO, SGD_TPR_TPUSO, SGD_TPR_NUMERA, SGD_TPR_RADICA, SGD_TPR_TP1, SGD_TPR_TP2, SGD_TPR_ESTADO) values (0,'No definido',0,4,null,null,1,1,1);
INSERT INTO SGD_TPR_TPDCUMENTO (SGD_TPR_CODIGO, SGD_TPR_DESCRIP, SGD_TPR_TERMINO, SGD_TPR_TPUSO, SGD_TPR_NUMERA, SGD_TPR_RADICA, SGD_TPR_TP1, SGD_TPR_TP2, SGD_TPR_ESTADO) values (1,'Accion de tutela',0,4,null,null,1,1,0);
INSERT INTO SGD_TPR_TPDCUMENTO (SGD_TPR_CODIGO, SGD_TPR_DESCRIP, SGD_TPR_TERMINO, SGD_TPR_TPUSO, SGD_TPR_NUMERA, SGD_TPR_RADICA, SGD_TPR_TP1, SGD_TPR_TP2, SGD_TPR_ESTADO) values (2,'Accion popular',0,4,null,null,1,1,1);
INSERT INTO SGD_TPR_TPDCUMENTO (SGD_TPR_CODIGO, SGD_TPR_DESCRIP, SGD_TPR_TERMINO, SGD_TPR_TPUSO, SGD_TPR_NUMERA, SGD_TPR_RADICA, SGD_TPR_TP1, SGD_TPR_TP2, SGD_TPR_ESTADO) values (3,'ACTA',0,4,null,null,1,1,1);
INSERT INTO SGD_TPR_TPDCUMENTO (SGD_TPR_CODIGO, SGD_TPR_DESCRIP, SGD_TPR_TERMINO, SGD_TPR_TPUSO, SGD_TPR_NUMERA, SGD_TPR_RADICA, SGD_TPR_TP1, SGD_TPR_TP2, SGD_TPR_ESTADO) values (4,'Anexo a Accion de Tutela',0,4,null,null,1,1,1);
INSERT INTO SGD_TPR_TPDCUMENTO (SGD_TPR_CODIGO, SGD_TPR_DESCRIP, SGD_TPR_TERMINO, SGD_TPR_TPUSO, SGD_TPR_NUMERA, SGD_TPR_RADICA, SGD_TPR_TP1, SGD_TPR_TP2, SGD_TPR_ESTADO) values (5,'Anexo a P.Q.R.','10',4,null,null,1,1,1);
DELETE FROM SGD_TTR_TRANSACCION;
INSERT INTO SGD_TTR_TRANSACCION (SGD_TTR_CODIGO, SGD_TTR_DESCRIP) values (0,'--');
INSERT INTO SGD_TTR_TRANSACCION (SGD_TTR_CODIGO, SGD_TTR_DESCRIP) values (1,'Recuperacion Radicado');
INSERT INTO SGD_TTR_TRANSACCION (SGD_TTR_CODIGO, SGD_TTR_DESCRIP) values (2,'Radicacion');
INSERT INTO SGD_TTR_TRANSACCION (SGD_TTR_CODIGO, SGD_TTR_DESCRIP) values (7,'Borrar Informado');
INSERT INTO SGD_TTR_TRANSACCION (SGD_TTR_CODIGO, SGD_TTR_DESCRIP) values (8,'Informar');
INSERT INTO SGD_TTR_TRANSACCION (SGD_TTR_CODIGO, SGD_TTR_DESCRIP) values (9,'Reasignacion');
INSERT INTO SGD_TTR_TRANSACCION (SGD_TTR_CODIGO, SGD_TTR_DESCRIP) values (10,'Movimiento entre Carpetas');
INSERT INTO SGD_TTR_TRANSACCION (SGD_TTR_CODIGO, SGD_TTR_DESCRIP) values (11,'Modificacion Radicado');
INSERT INTO SGD_TTR_TRANSACCION (SGD_TTR_CODIGO, SGD_TTR_DESCRIP) values (12,'Devuelto-Reasignar');
INSERT INTO SGD_TTR_TRANSACCION (SGD_TTR_CODIGO, SGD_TTR_DESCRIP) values (13,'Archivar');
INSERT INTO SGD_TTR_TRANSACCION (SGD_TTR_CODIGO, SGD_TTR_DESCRIP) values (14,'Agendar');
INSERT INTO SGD_TTR_TRANSACCION (SGD_TTR_CODIGO, SGD_TTR_DESCRIP) values (15,'Sacar de la agenda');
INSERT INTO SGD_TTR_TRANSACCION (SGD_TTR_CODIGO, SGD_TTR_DESCRIP) values (16,'Reasignar para Vo.Bo.');
INSERT INTO SGD_TTR_TRANSACCION (SGD_TTR_CODIGO, SGD_TTR_DESCRIP) values (17,'Modificacion de Causal');
INSERT INTO SGD_TTR_TRANSACCION (SGD_TTR_CODIGO, SGD_TTR_DESCRIP) values (18,'Modificacion del Sector');
INSERT INTO SGD_TTR_TRANSACCION (SGD_TTR_CODIGO, SGD_TTR_DESCRIP) values (19,'Cambiar Tipo de Documento');
INSERT INTO SGD_TTR_TRANSACCION (SGD_TTR_CODIGO, SGD_TTR_DESCRIP) values (20,'Crear Registro');
INSERT INTO SGD_TTR_TRANSACCION (SGD_TTR_CODIGO, SGD_TTR_DESCRIP) values (21,'Editar Registro');
INSERT INTO SGD_TTR_TRANSACCION (SGD_TTR_CODIGO, SGD_TTR_DESCRIP) values (22,'Digitalizacion de Radicado');
INSERT INTO SGD_TTR_TRANSACCION (SGD_TTR_CODIGO, SGD_TTR_DESCRIP) values (23,'Digitalizacion - Modificacion');
INSERT INTO SGD_TTR_TRANSACCION (SGD_TTR_CODIGO, SGD_TTR_DESCRIP) values (24,'Asociacion Imagen fax');
INSERT INTO SGD_TTR_TRANSACCION (SGD_TTR_CODIGO, SGD_TTR_DESCRIP) values (25,'Solicitud de Anulacion');
INSERT INTO SGD_TTR_TRANSACCION (SGD_TTR_CODIGO, SGD_TTR_DESCRIP) values (26,'Anulacion Rad');
INSERT INTO SGD_TTR_TRANSACCION (SGD_TTR_CODIGO, SGD_TTR_DESCRIP) values (27,'Rechazo de Anulacion');
INSERT INTO SGD_TTR_TRANSACCION (SGD_TTR_CODIGO, SGD_TTR_DESCRIP) values (37,'Cambio de Estado del Documento');
INSERT INTO SGD_TTR_TRANSACCION (SGD_TTR_CODIGO, SGD_TTR_DESCRIP) values (28,'Devolucion de correo');
INSERT INTO SGD_TTR_TRANSACCION (SGD_TTR_CODIGO, SGD_TTR_DESCRIP) values (29,'Digitalizacion de Anexo');
INSERT INTO SGD_TTR_TRANSACCION (SGD_TTR_CODIGO, SGD_TTR_DESCRIP) values (30,'Radicacion Masiva');
INSERT INTO SGD_TTR_TRANSACCION (SGD_TTR_CODIGO, SGD_TTR_DESCRIP) values (31,'Borrado de Anexo a radicado');
INSERT INTO SGD_TTR_TRANSACCION (SGD_TTR_CODIGO, SGD_TTR_DESCRIP) values (32,'Asignacion TRD');
INSERT INTO SGD_TTR_TRANSACCION (SGD_TTR_CODIGO, SGD_TTR_DESCRIP) values (33,'Eliminar TRD');
INSERT INTO SGD_TTR_TRANSACCION (SGD_TTR_CODIGO, SGD_TTR_DESCRIP) values (35,'Tipificacion de la decision');
INSERT INTO SGD_TTR_TRANSACCION (SGD_TTR_CODIGO, SGD_TTR_DESCRIP) values (36,'Cambio en la Notificacion');
INSERT INTO SGD_TTR_TRANSACCION (SGD_TTR_CODIGO, SGD_TTR_DESCRIP) values (38,'Cambio Vinculacion Documento');
INSERT INTO SGD_TTR_TRANSACCION (SGD_TTR_CODIGO, SGD_TTR_DESCRIP) values (39,'Solicitud de Firma');
INSERT INTO SGD_TTR_TRANSACCION (SGD_TTR_CODIGO, SGD_TTR_DESCRIP) values (40,'Firma Digital de Documento');
INSERT INTO SGD_TTR_TRANSACCION (SGD_TTR_CODIGO, SGD_TTR_DESCRIP) values (41,'Eliminacion solicitud de Firma Digital');
INSERT INTO SGD_TTR_TRANSACCION (SGD_TTR_CODIGO, SGD_TTR_DESCRIP) values (42,'Digitalizacion Radicado(Asoc. Imagen Web)');
INSERT INTO SGD_TTR_TRANSACCION (SGD_TTR_CODIGO, SGD_TTR_DESCRIP) values (50,'Cambio de Estado Expediente');
INSERT INTO SGD_TTR_TRANSACCION (SGD_TTR_CODIGO, SGD_TTR_DESCRIP) values (51,'Creacion Expediente');
INSERT INTO SGD_TTR_TRANSACCION (SGD_TTR_CODIGO, SGD_TTR_DESCRIP) values (52,'Excluir radicado de expediente');
INSERT INTO SGD_TTR_TRANSACCION (SGD_TTR_CODIGO, SGD_TTR_DESCRIP) values (53,'Incluir radicado en expediente');
INSERT INTO SGD_TTR_TRANSACCION (SGD_TTR_CODIGO, SGD_TTR_DESCRIP) values (54,'Cambio Seguridad del Documento');
INSERT INTO SGD_TTR_TRANSACCION (SGD_TTR_CODIGO, SGD_TTR_DESCRIP) values (55,'Creacion Subexpediente');
INSERT INTO SGD_TTR_TRANSACCION (SGD_TTR_CODIGO, SGD_TTR_DESCRIP) values (56,'Cambio de Responsable');
INSERT INTO SGD_TTR_TRANSACCION (SGD_TTR_CODIGO, SGD_TTR_DESCRIP) values (57,'Ingreso al Archivo Fisico');
INSERT INTO SGD_TTR_TRANSACCION (SGD_TTR_CODIGO, SGD_TTR_DESCRIP) values (58,'Expediente Cerrado');
INSERT INTO SGD_TTR_TRANSACCION (SGD_TTR_CODIGO, SGD_TTR_DESCRIP) values (59,'Expediente Reabierto');
DELETE FROM MUNICIPIO;
DELETE FROM DEPARTAMENTO;
DELETE FROM SGD_DEF_PAISES;
DELETE FROM SGD_DEF_CONTINENTES;
INSERT INTO SGD_DEF_CONTINENTES (ID_CONT, NOMBRE_CONT) values (1,'AMERICA');
INSERT INTO SGD_DEF_CONTINENTES (ID_CONT, NOMBRE_CONT) values (2,'EUROPA');
INSERT INTO SGD_DEF_CONTINENTES (ID_CONT, NOMBRE_CONT) values (3,'ASIA');
INSERT INTO SGD_DEF_CONTINENTES (ID_CONT, NOMBRE_CONT) values (4,'AFRICA');
INSERT INTO SGD_DEF_CONTINENTES (ID_CONT, NOMBRE_CONT) values (5,'OCEANIA');
INSERT INTO SGD_DEF_CONTINENTES (ID_CONT, NOMBRE_CONT) values (6,'ANTARTIDA');
INSERT INTO SGD_DEF_PAISES (ID_PAIS, ID_CONT, NOMBRE_PAIS) values (170,1,'COLOMBIA');
INSERT INTO SGD_DEF_PAISES (ID_PAIS, ID_CONT, NOMBRE_PAIS) values (218,1,'ECUADOR');
INSERT INTO SGD_DEF_PAISES (ID_PAIS, ID_CONT, NOMBRE_PAIS) values (724,2,'ESPAÑA');
INSERT INTO SGD_DEF_PAISES (ID_PAIS, ID_CONT, NOMBRE_PAIS) values (826,2,'REINO UNIDO');
INSERT INTO SGD_DEF_PAISES (ID_PAIS, ID_CONT, NOMBRE_PAIS) values (862,1,'VENEZUELA');
INSERT INTO DEPARTAMENTO (DPTO_CODI, DPTO_NOMB, ID_CONT, ID_PAIS) values (1,'TODOS', 1, 170);
INSERT INTO DEPARTAMENTO (DPTO_CODI, DPTO_NOMB, ID_CONT, ID_PAIS) values (5,'ANTIOQUIA', 1, 170);
INSERT INTO DEPARTAMENTO (DPTO_CODI, DPTO_NOMB, ID_CONT, ID_PAIS) values (8,'ATLANTICO', 1, 170);
INSERT INTO DEPARTAMENTO (DPTO_CODI, DPTO_NOMB, ID_CONT, ID_PAIS) values (11,'D.C.', 1, 170);
INSERT INTO DEPARTAMENTO (DPTO_CODI, DPTO_NOMB, ID_CONT, ID_PAIS) values (13,'BOLIVAR', 1, 170);
INSERT INTO DEPARTAMENTO (DPTO_CODI, DPTO_NOMB, ID_CONT, ID_PAIS) values (15,'BOYACA', 1, 170);
INSERT INTO DEPARTAMENTO (DPTO_CODI, DPTO_NOMB, ID_CONT, ID_PAIS) values (17,'CALDAS', 1, 170);
INSERT INTO DEPARTAMENTO (DPTO_CODI, DPTO_NOMB, ID_CONT, ID_PAIS) values (18,'CAQUETA', 1, 170);
INSERT INTO DEPARTAMENTO (DPTO_CODI, DPTO_NOMB, ID_CONT, ID_PAIS) values (19,'CAUCA', 1, 170);
INSERT INTO DEPARTAMENTO (DPTO_CODI, DPTO_NOMB, ID_CONT, ID_PAIS) values (20,'CESAR', 1, 170);
INSERT INTO DEPARTAMENTO (DPTO_CODI, DPTO_NOMB, ID_CONT, ID_PAIS) values (23,'CORDOBA', 1, 170);
INSERT INTO DEPARTAMENTO (DPTO_CODI, DPTO_NOMB, ID_CONT, ID_PAIS) values (25,'CUNDINAMARCA', 1, 170);
INSERT INTO DEPARTAMENTO (DPTO_CODI, DPTO_NOMB, ID_CONT, ID_PAIS) values (27,'CHOCO', 1, 170);
INSERT INTO DEPARTAMENTO (DPTO_CODI, DPTO_NOMB, ID_CONT, ID_PAIS) values (41,'HUILA', 1, 170);
INSERT INTO DEPARTAMENTO (DPTO_CODI, DPTO_NOMB, ID_CONT, ID_PAIS) values (44,'LA GUAJIRA', 1, 170);
INSERT INTO DEPARTAMENTO (DPTO_CODI, DPTO_NOMB, ID_CONT, ID_PAIS) values (47,'MAGDALENA', 1, 170);
INSERT INTO DEPARTAMENTO (DPTO_CODI, DPTO_NOMB, ID_CONT, ID_PAIS) values (50,'META', 1, 170);
INSERT INTO DEPARTAMENTO (DPTO_CODI, DPTO_NOMB, ID_CONT, ID_PAIS) values (52,'NARIÑO', 1, 170);
INSERT INTO DEPARTAMENTO (DPTO_CODI, DPTO_NOMB, ID_CONT, ID_PAIS) values (54,'NORTE DE SANTANDER', 1, 170);
INSERT INTO DEPARTAMENTO (DPTO_CODI, DPTO_NOMB, ID_CONT, ID_PAIS) values (63,'QUINDIO', 1, 170);
INSERT INTO DEPARTAMENTO (DPTO_CODI, DPTO_NOMB, ID_CONT, ID_PAIS) values (66,'RISARALDA', 1, 170);
INSERT INTO DEPARTAMENTO (DPTO_CODI, DPTO_NOMB, ID_CONT, ID_PAIS) values (68,'SANTANDER', 1, 170);
INSERT INTO DEPARTAMENTO (DPTO_CODI, DPTO_NOMB, ID_CONT, ID_PAIS) values (70,'SUCRE', 1, 170);
INSERT INTO DEPARTAMENTO (DPTO_CODI, DPTO_NOMB, ID_CONT, ID_PAIS) values (73,'TOLIMA', 1, 170);
INSERT INTO DEPARTAMENTO (DPTO_CODI, DPTO_NOMB, ID_CONT, ID_PAIS) values (76,'VALLE DEL CAUCA', 1, 170);
INSERT INTO DEPARTAMENTO (DPTO_CODI, DPTO_NOMB, ID_CONT, ID_PAIS) values (81,'ARAUCA', 1, 170);
INSERT INTO DEPARTAMENTO (DPTO_CODI, DPTO_NOMB, ID_CONT, ID_PAIS) values (85,'CASANARE', 1, 170);
INSERT INTO DEPARTAMENTO (DPTO_CODI, DPTO_NOMB, ID_CONT, ID_PAIS) values (86,'PUTUMAYO', 1, 170);
INSERT INTO DEPARTAMENTO (DPTO_CODI, DPTO_NOMB, ID_CONT, ID_PAIS) values (88,'SAN ANDRES', 1, 170);
INSERT INTO DEPARTAMENTO (DPTO_CODI, DPTO_NOMB, ID_CONT, ID_PAIS) values (91,'AMAZONAS', 1, 170);
INSERT INTO DEPARTAMENTO (DPTO_CODI, DPTO_NOMB, ID_CONT, ID_PAIS) values (94,'GUAINIA', 1, 170);
INSERT INTO DEPARTAMENTO (DPTO_CODI, DPTO_NOMB, ID_CONT, ID_PAIS) values (95,'GUAVIARE', 1, 170);
INSERT INTO DEPARTAMENTO (DPTO_CODI, DPTO_NOMB, ID_CONT, ID_PAIS) values (97,'VAUPES', 1, 170);
INSERT INTO DEPARTAMENTO (DPTO_CODI, DPTO_NOMB, ID_CONT, ID_PAIS) values (99,'VICHADA', 1, 170);
INSERT INTO DEPARTAMENTO (DPTO_CODI, DPTO_NOMB, ID_CONT, ID_PAIS) values (1,'PICHINCHA', 1, 218);
INSERT INTO MUNICIPIO (MUNI_CODI, DPTO_CODI, MUNI_NOMB, ID_CONT, ID_PAIS) values (999,1,'TODOS', 1, 170);
INSERT INTO MUNICIPIO (MUNI_CODI, DPTO_CODI, MUNI_NOMB, ID_CONT, ID_PAIS) values (1,5,'MEDELLIN', 1, 170);
INSERT INTO MUNICIPIO (MUNI_CODI, DPTO_CODI, MUNI_NOMB, ID_CONT, ID_PAIS) values (2,5,'ABEJORRAL', 1, 170);
INSERT INTO MUNICIPIO (MUNI_CODI, DPTO_CODI, MUNI_NOMB, ID_CONT, ID_PAIS) values (4,5,'ABRIAQUI', 1, 170);
INSERT INTO MUNICIPIO (MUNI_CODI, DPTO_CODI, MUNI_NOMB, ID_CONT, ID_PAIS) values (21,5,'ALEJANDRIA', 1, 170);
INSERT INTO MUNICIPIO (MUNI_CODI, DPTO_CODI, MUNI_NOMB, ID_CONT, ID_PAIS) values (30,5,'AMAGA', 1, 170);
INSERT INTO MUNICIPIO (MUNI_CODI, DPTO_CODI, MUNI_NOMB, ID_CONT, ID_PAIS) values (31,5,'AMALFI', 1, 170);
INSERT INTO MUNICIPIO (MUNI_CODI, DPTO_CODI, MUNI_NOMB, ID_CONT, ID_PAIS) values (34,5,'ANDES', 1, 170);
INSERT INTO MUNICIPIO (MUNI_CODI, DPTO_CODI, MUNI_NOMB, ID_CONT, ID_PAIS) values (36,5,'ANGELOPOLIS', 1, 170);
INSERT INTO MUNICIPIO (MUNI_CODI, DPTO_CODI, MUNI_NOMB, ID_CONT, ID_PAIS) values (38,5,'ANGOSTURA', 1, 170);
INSERT INTO MUNICIPIO (MUNI_CODI, DPTO_CODI, MUNI_NOMB, ID_CONT, ID_PAIS) values (40,5,'ANORI', 1, 170);
INSERT INTO MUNICIPIO (MUNI_CODI, DPTO_CODI, MUNI_NOMB, ID_CONT, ID_PAIS) values (42,5,'ANTIOQUIA', 1, 170);
INSERT INTO MUNICIPIO (MUNI_CODI, DPTO_CODI, MUNI_NOMB, ID_CONT, ID_PAIS) values (44,5,'ANZA', 1, 170);
INSERT INTO MUNICIPIO (MUNI_CODI, DPTO_CODI, MUNI_NOMB, ID_CONT, ID_PAIS) values (45,5,'APARTADO', 1, 170);
INSERT INTO MUNICIPIO (MUNI_CODI, DPTO_CODI, MUNI_NOMB, ID_CONT, ID_PAIS) values (51,5,'ARBOLETES', 1, 170);
INSERT INTO MUNICIPIO (MUNI_CODI, DPTO_CODI, MUNI_NOMB, ID_CONT, ID_PAIS) values (55,5,'ARGELIA', 1, 170);
INSERT INTO MUNICIPIO (MUNI_CODI, DPTO_CODI, MUNI_NOMB, ID_CONT, ID_PAIS) values (59,5,'ARMENIA', 1, 170);
INSERT INTO MUNICIPIO (MUNI_CODI, DPTO_CODI, MUNI_NOMB, ID_CONT, ID_PAIS) values (79,5,'BARBOSA', 1, 170);
INSERT INTO MUNICIPIO (MUNI_CODI, DPTO_CODI, MUNI_NOMB, ID_CONT, ID_PAIS) values (86,5,'BELMIRA', 1, 170);
INSERT INTO MUNICIPIO (MUNI_CODI, DPTO_CODI, MUNI_NOMB, ID_CONT, ID_PAIS) values (88,5,'BELLO', 1, 170);
INSERT INTO MUNICIPIO (MUNI_CODI, DPTO_CODI, MUNI_NOMB, ID_CONT, ID_PAIS) values (90,5,'LA PINTADA', 1, 170);
INSERT INTO MUNICIPIO (MUNI_CODI, DPTO_CODI, MUNI_NOMB, ID_CONT, ID_PAIS) values (91,5,'BETANIA', 1, 170);
INSERT INTO MUNICIPIO (MUNI_CODI, DPTO_CODI, MUNI_NOMB, ID_CONT, ID_PAIS) values (93,5,'BETULIA', 1, 170);
INSERT INTO MUNICIPIO (MUNI_CODI, DPTO_CODI, MUNI_NOMB, ID_CONT, ID_PAIS) values (101,5,'BOLIVAR', 1, 170);
INSERT INTO MUNICIPIO (MUNI_CODI, DPTO_CODI, MUNI_NOMB, ID_CONT, ID_PAIS) values (107,5,'BRICEÑO', 1, 170);
INSERT INTO MUNICIPIO (MUNI_CODI, DPTO_CODI, MUNI_NOMB, ID_CONT, ID_PAIS) values (113,5,'BURITICA', 1, 170);
INSERT INTO MUNICIPIO (MUNI_CODI, DPTO_CODI, MUNI_NOMB, ID_CONT, ID_PAIS) values (120,5,'CACERES', 1, 170);
INSERT INTO MUNICIPIO (MUNI_CODI, DPTO_CODI, MUNI_NOMB, ID_CONT, ID_PAIS) values (125,5,'CAICEDO', 1, 170);
INSERT INTO MUNICIPIO (MUNI_CODI, DPTO_CODI, MUNI_NOMB, ID_CONT, ID_PAIS) values (129,5,'CALDAS', 1, 170);
INSERT INTO MUNICIPIO (MUNI_CODI, DPTO_CODI, MUNI_NOMB, ID_CONT, ID_PAIS) values (134,5,'CAMPAMENTO', 1, 170);
INSERT INTO MUNICIPIO (MUNI_CODI, DPTO_CODI, MUNI_NOMB, ID_CONT, ID_PAIS) values (138,5,'CAÑASGORDAS', 1, 170);
INSERT INTO MUNICIPIO (MUNI_CODI, DPTO_CODI, MUNI_NOMB, ID_CONT, ID_PAIS) values (142,5,'CARACOLI', 1, 170);
INSERT INTO MUNICIPIO (MUNI_CODI, DPTO_CODI, MUNI_NOMB, ID_CONT, ID_PAIS) values (145,5,'CARAMANTA', 1, 170);
INSERT INTO MUNICIPIO (MUNI_CODI, DPTO_CODI, MUNI_NOMB, ID_CONT, ID_PAIS) values (147,5,'CAREPA', 1, 170);
INSERT INTO MUNICIPIO (MUNI_CODI, DPTO_CODI, MUNI_NOMB, ID_CONT, ID_PAIS) values (148,5,'CARMEN DE VIBORAL', 1, 170);
INSERT INTO MUNICIPIO (MUNI_CODI, DPTO_CODI, MUNI_NOMB, ID_CONT, ID_PAIS) values (150,5,'CAROLINA', 1, 170);
INSERT INTO MUNICIPIO (MUNI_CODI, DPTO_CODI, MUNI_NOMB, ID_CONT, ID_PAIS) values (154,5,'CAUCASIA', 1, 170);
INSERT INTO MUNICIPIO (MUNI_CODI, DPTO_CODI, MUNI_NOMB, ID_CONT, ID_PAIS) values (172,5,'CHIGORODO', 1, 170);
INSERT INTO MUNICIPIO (MUNI_CODI, DPTO_CODI, MUNI_NOMB, ID_CONT, ID_PAIS) values (190,5,'CISNEROS', 1, 170);
INSERT INTO MUNICIPIO (MUNI_CODI, DPTO_CODI, MUNI_NOMB, ID_CONT, ID_PAIS) values (197,5,'COCORNA', 1, 170);
INSERT INTO MUNICIPIO (MUNI_CODI, DPTO_CODI, MUNI_NOMB, ID_CONT, ID_PAIS) values (206,5,'CONCEPCION', 1, 170);
INSERT INTO MUNICIPIO (MUNI_CODI, DPTO_CODI, MUNI_NOMB, ID_CONT, ID_PAIS) values (209,5,'CONCORDIA', 1, 170);
INSERT INTO MUNICIPIO (MUNI_CODI, DPTO_CODI, MUNI_NOMB, ID_CONT, ID_PAIS) values (212,5,'COPACABANA', 1, 170);
INSERT INTO MUNICIPIO (MUNI_CODI, DPTO_CODI, MUNI_NOMB, ID_CONT, ID_PAIS) values (234,5,'DABEIBA', 1, 170);
INSERT INTO MUNICIPIO (MUNI_CODI, DPTO_CODI, MUNI_NOMB, ID_CONT, ID_PAIS) values (237,5,'DON MATIAS', 1, 170);
INSERT INTO MUNICIPIO (MUNI_CODI, DPTO_CODI, MUNI_NOMB, ID_CONT, ID_PAIS) values (240,5,'EBEJICO', 1, 170);
INSERT INTO MUNICIPIO (MUNI_CODI, DPTO_CODI, MUNI_NOMB, ID_CONT, ID_PAIS) values (250,5,'EL BAGRE', 1, 170);
INSERT INTO MUNICIPIO (MUNI_CODI, DPTO_CODI, MUNI_NOMB, ID_CONT, ID_PAIS) values (264,5,'ENTRERRIOS', 1, 170);
INSERT INTO MUNICIPIO (MUNI_CODI, DPTO_CODI, MUNI_NOMB, ID_CONT, ID_PAIS) values (266,5,'ENVIGADO', 1, 170);
INSERT INTO MUNICIPIO (MUNI_CODI, DPTO_CODI, MUNI_NOMB, ID_CONT, ID_PAIS) values (282,5,'FREDONIA', 1, 170);
INSERT INTO MUNICIPIO (MUNI_CODI, DPTO_CODI, MUNI_NOMB, ID_CONT, ID_PAIS) values (284,5,'FRONTINO', 1, 170);
INSERT INTO MUNICIPIO (MUNI_CODI, DPTO_CODI, MUNI_NOMB, ID_CONT, ID_PAIS) values (306,5,'GIRALDO', 1, 170);
INSERT INTO MUNICIPIO (MUNI_CODI, DPTO_CODI, MUNI_NOMB, ID_CONT, ID_PAIS) values (308,5,'GIRARDOTA', 1, 170);
INSERT INTO MUNICIPIO (MUNI_CODI, DPTO_CODI, MUNI_NOMB, ID_CONT, ID_PAIS) values (310,5,'GOMEZ PLATA', 1, 170);
INSERT INTO MUNICIPIO (MUNI_CODI, DPTO_CODI, MUNI_NOMB, ID_CONT, ID_PAIS) values (313,5,'GRANADA', 1, 170);
INSERT INTO MUNICIPIO (MUNI_CODI, DPTO_CODI, MUNI_NOMB, ID_CONT, ID_PAIS) values (315,5,'GUADALUPE', 1, 170);
INSERT INTO MUNICIPIO (MUNI_CODI, DPTO_CODI, MUNI_NOMB, ID_CONT, ID_PAIS) values (318,5,'GUARNE', 1, 170);
INSERT INTO MUNICIPIO (MUNI_CODI, DPTO_CODI, MUNI_NOMB, ID_CONT, ID_PAIS) values (321,5,'GUATAPE', 1, 170);
INSERT INTO MUNICIPIO (MUNI_CODI, DPTO_CODI, MUNI_NOMB, ID_CONT, ID_PAIS) values (347,5,'HELICONIA', 1, 170);
INSERT INTO MUNICIPIO (MUNI_CODI, DPTO_CODI, MUNI_NOMB, ID_CONT, ID_PAIS) values (353,5,'HISPANIA', 1, 170);
INSERT INTO MUNICIPIO (MUNI_CODI, DPTO_CODI, MUNI_NOMB, ID_CONT, ID_PAIS) values (360,5,'ITAGUI', 1, 170);
INSERT INTO MUNICIPIO (MUNI_CODI, DPTO_CODI, MUNI_NOMB, ID_CONT, ID_PAIS) values (361,5,'ITUANGO', 1, 170);
INSERT INTO MUNICIPIO (MUNI_CODI, DPTO_CODI, MUNI_NOMB, ID_CONT, ID_PAIS) values (364,5,'JARDIN', 1, 170);
INSERT INTO MUNICIPIO (MUNI_CODI, DPTO_CODI, MUNI_NOMB, ID_CONT, ID_PAIS) values (368,5,'JERICO', 1, 170);
INSERT INTO MUNICIPIO (MUNI_CODI, DPTO_CODI, MUNI_NOMB, ID_CONT, ID_PAIS) values (376,5,'LA CEJA', 1, 170);
INSERT INTO MUNICIPIO (MUNI_CODI, DPTO_CODI, MUNI_NOMB, ID_CONT, ID_PAIS) values (380,5,'LA ESTRELLA', 1, 170);
INSERT INTO MUNICIPIO (MUNI_CODI, DPTO_CODI, MUNI_NOMB, ID_CONT, ID_PAIS) values (390,5,'LA PINTADA', 1, 170);
INSERT INTO MUNICIPIO (MUNI_CODI, DPTO_CODI, MUNI_NOMB, ID_CONT, ID_PAIS) values (400,5,'LA UNION', 1, 170);
INSERT INTO MUNICIPIO (MUNI_CODI, DPTO_CODI, MUNI_NOMB, ID_CONT, ID_PAIS) values (411,5,'LIBORINA', 1, 170);
INSERT INTO MUNICIPIO (MUNI_CODI, DPTO_CODI, MUNI_NOMB, ID_CONT, ID_PAIS) values (425,5,'MACEO', 1, 170);
INSERT INTO MUNICIPIO (MUNI_CODI, DPTO_CODI, MUNI_NOMB, ID_CONT, ID_PAIS) values (440,5,'MARINILLA', 1, 170);
INSERT INTO MUNICIPIO (MUNI_CODI, DPTO_CODI, MUNI_NOMB, ID_CONT, ID_PAIS) values (467,5,'MONTEBELLO', 1, 170);
INSERT INTO MUNICIPIO (MUNI_CODI, DPTO_CODI, MUNI_NOMB, ID_CONT, ID_PAIS) values (475,5,'MURINDO', 1, 170);
INSERT INTO MUNICIPIO (MUNI_CODI, DPTO_CODI, MUNI_NOMB, ID_CONT, ID_PAIS) values (480,5,'MUTATA', 1, 170);
INSERT INTO MUNICIPIO (MUNI_CODI, DPTO_CODI, MUNI_NOMB, ID_CONT, ID_PAIS) values (483,5,'NARIÑO', 1, 170);
INSERT INTO MUNICIPIO (MUNI_CODI, DPTO_CODI, MUNI_NOMB, ID_CONT, ID_PAIS) values (490,5,'NECOCLI', 1, 170);
INSERT INTO MUNICIPIO (MUNI_CODI, DPTO_CODI, MUNI_NOMB, ID_CONT, ID_PAIS) values (495,5,'NECHI', 1, 170);
INSERT INTO MUNICIPIO (MUNI_CODI, DPTO_CODI, MUNI_NOMB, ID_CONT, ID_PAIS) values (501,5,'OLAYA', 1, 170);
INSERT INTO MUNICIPIO (MUNI_CODI, DPTO_CODI, MUNI_NOMB, ID_CONT, ID_PAIS) values (541,5,'PEÑOL', 1, 170);
INSERT INTO MUNICIPIO (MUNI_CODI, DPTO_CODI, MUNI_NOMB, ID_CONT, ID_PAIS) values (543,5,'PEQUE', 1, 170);
INSERT INTO MUNICIPIO (MUNI_CODI, DPTO_CODI, MUNI_NOMB, ID_CONT, ID_PAIS) values (576,5,'PUEBLORRICO', 1, 170);
INSERT INTO MUNICIPIO (MUNI_CODI, DPTO_CODI, MUNI_NOMB, ID_CONT, ID_PAIS) values (579,5,'PUERTO BERRIO', 1, 170);
INSERT INTO MUNICIPIO (MUNI_CODI, DPTO_CODI, MUNI_NOMB, ID_CONT, ID_PAIS) values (585,5,'PTO NARE(LAMAGDALENA)', 1, 170);
INSERT INTO MUNICIPIO (MUNI_CODI, DPTO_CODI, MUNI_NOMB, ID_CONT, ID_PAIS) values (591,5,'PUERTO TRIUNFO', 1, 170);
INSERT INTO MUNICIPIO (MUNI_CODI, DPTO_CODI, MUNI_NOMB, ID_CONT, ID_PAIS) values (604,5,'REMEDIOS', 1, 170);
INSERT INTO MUNICIPIO (MUNI_CODI, DPTO_CODI, MUNI_NOMB, ID_CONT, ID_PAIS) values (607,5,'RETIRO', 1, 170);
INSERT INTO MUNICIPIO (MUNI_CODI, DPTO_CODI, MUNI_NOMB, ID_CONT, ID_PAIS) values (615,5,'RIONEGRO', 1, 170);
INSERT INTO MUNICIPIO (MUNI_CODI, DPTO_CODI, MUNI_NOMB, ID_CONT, ID_PAIS) values (628,5,'SABANALARGA', 1, 170);
INSERT INTO MUNICIPIO (MUNI_CODI, DPTO_CODI, MUNI_NOMB, ID_CONT, ID_PAIS) values (631,5,'SABANETA', 1, 170);
INSERT INTO MUNICIPIO (MUNI_CODI, DPTO_CODI, MUNI_NOMB, ID_CONT, ID_PAIS) values (642,5,'SALGAR', 1, 170);
INSERT INTO MUNICIPIO (MUNI_CODI, DPTO_CODI, MUNI_NOMB, ID_CONT, ID_PAIS) values (647,5,'SAN ANDRES', 1, 170);
INSERT INTO MUNICIPIO (MUNI_CODI, DPTO_CODI, MUNI_NOMB, ID_CONT, ID_PAIS) values (649,5,'SAN CARLOS', 1, 170);
INSERT INTO MUNICIPIO (MUNI_CODI, DPTO_CODI, MUNI_NOMB, ID_CONT, ID_PAIS) values (652,5,'SAN FRANCISCO', 1, 170);
INSERT INTO MUNICIPIO (MUNI_CODI, DPTO_CODI, MUNI_NOMB, ID_CONT, ID_PAIS) values (656,5,'SAN JERONIMO', 1, 170);
INSERT INTO MUNICIPIO (MUNI_CODI, DPTO_CODI, MUNI_NOMB, ID_CONT, ID_PAIS) values (658,5,'SAN JOSE DE LA MONTAÑA', 1, 170);
INSERT INTO MUNICIPIO (MUNI_CODI, DPTO_CODI, MUNI_NOMB, ID_CONT, ID_PAIS) values (659,5,'SAN JUAN DE URABA', 1, 170);
INSERT INTO MUNICIPIO (MUNI_CODI, DPTO_CODI, MUNI_NOMB, ID_CONT, ID_PAIS) values (660,5,'SAN LUIS', 1, 170);
INSERT INTO MUNICIPIO (MUNI_CODI, DPTO_CODI, MUNI_NOMB, ID_CONT, ID_PAIS) values (664,5,'SAN PEDRO', 1, 170);
INSERT INTO MUNICIPIO (MUNI_CODI, DPTO_CODI, MUNI_NOMB, ID_CONT, ID_PAIS) values (665,5,'SAN PEDRO DE URABA', 1, 170);
INSERT INTO MUNICIPIO (MUNI_CODI, DPTO_CODI, MUNI_NOMB, ID_CONT, ID_PAIS) values (667,5,'SAN RAFAEL', 1, 170);
INSERT INTO MUNICIPIO (MUNI_CODI, DPTO_CODI, MUNI_NOMB, ID_CONT, ID_PAIS) values (670,5,'SAN ROQUE', 1, 170);
INSERT INTO MUNICIPIO (MUNI_CODI, DPTO_CODI, MUNI_NOMB, ID_CONT, ID_PAIS) values (674,5,'SAN VICENTE', 1, 170);
INSERT INTO MUNICIPIO (MUNI_CODI, DPTO_CODI, MUNI_NOMB, ID_CONT, ID_PAIS) values (679,5,'SANTA BARBARA', 1, 170);
INSERT INTO MUNICIPIO (MUNI_CODI, DPTO_CODI, MUNI_NOMB, ID_CONT, ID_PAIS) values (686,5,'SANTA ROSA DE OSOS', 1, 170);
INSERT INTO MUNICIPIO (MUNI_CODI, DPTO_CODI, MUNI_NOMB, ID_CONT, ID_PAIS) values (690,5,'SANTO DOMINGO', 1, 170);
INSERT INTO MUNICIPIO (MUNI_CODI, DPTO_CODI, MUNI_NOMB, ID_CONT, ID_PAIS) values (697,5,'SANTUARIO', 1, 170);
INSERT INTO MUNICIPIO (MUNI_CODI, DPTO_CODI, MUNI_NOMB, ID_CONT, ID_PAIS) values (736,5,'SEGOVIA', 1, 170);
INSERT INTO MUNICIPIO (MUNI_CODI, DPTO_CODI, MUNI_NOMB, ID_CONT, ID_PAIS) values (756,5,'SONSON', 1, 170);
INSERT INTO MUNICIPIO (MUNI_CODI, DPTO_CODI, MUNI_NOMB, ID_CONT, ID_PAIS) values (761,5,'SOPETRAN', 1, 170);
INSERT INTO MUNICIPIO (MUNI_CODI, DPTO_CODI, MUNI_NOMB, ID_CONT, ID_PAIS) values (789,5,'TAMESIS', 1, 170);
INSERT INTO MUNICIPIO (MUNI_CODI, DPTO_CODI, MUNI_NOMB, ID_CONT, ID_PAIS) values (790,5,'TARAZA', 1, 170);
INSERT INTO MUNICIPIO (MUNI_CODI, DPTO_CODI, MUNI_NOMB, ID_CONT, ID_PAIS) values (792,5,'TARSO', 1, 170);
INSERT INTO MUNICIPIO (MUNI_CODI, DPTO_CODI, MUNI_NOMB, ID_CONT, ID_PAIS) values (809,5,'TITIRIBI', 1, 170);
INSERT INTO MUNICIPIO (MUNI_CODI, DPTO_CODI, MUNI_NOMB, ID_CONT, ID_PAIS) values (819,5,'TOLEDO', 1, 170);
INSERT INTO MUNICIPIO (MUNI_CODI, DPTO_CODI, MUNI_NOMB, ID_CONT, ID_PAIS) values (837,5,'TURBO', 1, 170);
INSERT INTO MUNICIPIO (MUNI_CODI, DPTO_CODI, MUNI_NOMB, ID_CONT, ID_PAIS) values (842,5,'URAMITA', 1, 170);
INSERT INTO MUNICIPIO (MUNI_CODI, DPTO_CODI, MUNI_NOMB, ID_CONT, ID_PAIS) values (847,5,'URRAO', 1, 170);
INSERT INTO MUNICIPIO (MUNI_CODI, DPTO_CODI, MUNI_NOMB, ID_CONT, ID_PAIS) values (854,5,'VALDIVIA', 1, 170);
INSERT INTO MUNICIPIO (MUNI_CODI, DPTO_CODI, MUNI_NOMB, ID_CONT, ID_PAIS) values (856,5,'VALPARAISO', 1, 170);
INSERT INTO MUNICIPIO (MUNI_CODI, DPTO_CODI, MUNI_NOMB, ID_CONT, ID_PAIS) values (858,5,'VEGACHI', 1, 170);
INSERT INTO MUNICIPIO (MUNI_CODI, DPTO_CODI, MUNI_NOMB, ID_CONT, ID_PAIS) values (861,5,'VENECIA', 1, 170);
INSERT INTO MUNICIPIO (MUNI_CODI, DPTO_CODI, MUNI_NOMB, ID_CONT, ID_PAIS) values (873,5,'VIGIA DEL FUERTE', 1, 170);
INSERT INTO MUNICIPIO (MUNI_CODI, DPTO_CODI, MUNI_NOMB, ID_CONT, ID_PAIS) values (885,5,'YALI', 1, 170);
INSERT INTO MUNICIPIO (MUNI_CODI, DPTO_CODI, MUNI_NOMB, ID_CONT, ID_PAIS) values (887,5,'YARUMAL', 1, 170);
INSERT INTO MUNICIPIO (MUNI_CODI, DPTO_CODI, MUNI_NOMB, ID_CONT, ID_PAIS) values (890,5,'YOLOMBO', 1, 170);
INSERT INTO MUNICIPIO (MUNI_CODI, DPTO_CODI, MUNI_NOMB, ID_CONT, ID_PAIS) values (893,5,'YONDO', 1, 170);
INSERT INTO MUNICIPIO (MUNI_CODI, DPTO_CODI, MUNI_NOMB, ID_CONT, ID_PAIS) values (895,5,'ZARAGA', 1, 170);
INSERT INTO MUNICIPIO (MUNI_CODI, DPTO_CODI, MUNI_NOMB, ID_CONT, ID_PAIS) values (1,8,'BARRANQUILLA', 1, 170);
INSERT INTO MUNICIPIO (MUNI_CODI, DPTO_CODI, MUNI_NOMB, ID_CONT, ID_PAIS) values (78,8,'BARANOA', 1, 170);
INSERT INTO MUNICIPIO (MUNI_CODI, DPTO_CODI, MUNI_NOMB, ID_CONT, ID_PAIS) values (137,8,'CAMPO DE LA CRUZ', 1, 170);
INSERT INTO MUNICIPIO (MUNI_CODI, DPTO_CODI, MUNI_NOMB, ID_CONT, ID_PAIS) values (141,8,'CANDELARIA', 1, 170);
INSERT INTO MUNICIPIO (MUNI_CODI, DPTO_CODI, MUNI_NOMB, ID_CONT, ID_PAIS) values (296,8,'GALAPA', 1, 170);
INSERT INTO MUNICIPIO (MUNI_CODI, DPTO_CODI, MUNI_NOMB, ID_CONT, ID_PAIS) values (372,8,'JUAN DE ACOSTA', 1, 170);
INSERT INTO MUNICIPIO (MUNI_CODI, DPTO_CODI, MUNI_NOMB, ID_CONT, ID_PAIS) values (421,8,'LURUACO', 1, 170);
INSERT INTO MUNICIPIO (MUNI_CODI, DPTO_CODI, MUNI_NOMB, ID_CONT, ID_PAIS) values (433,8,'MALAMBO', 1, 170);
INSERT INTO MUNICIPIO (MUNI_CODI, DPTO_CODI, MUNI_NOMB, ID_CONT, ID_PAIS) values (436,8,'MANATI', 1, 170);
INSERT INTO MUNICIPIO (MUNI_CODI, DPTO_CODI, MUNI_NOMB, ID_CONT, ID_PAIS) values (520,8,'PALMAR DE VARELA', 1, 170);
INSERT INTO MUNICIPIO (MUNI_CODI, DPTO_CODI, MUNI_NOMB, ID_CONT, ID_PAIS) values (549,8,'PIOJO', 1, 170);
INSERT INTO MUNICIPIO (MUNI_CODI, DPTO_CODI, MUNI_NOMB, ID_CONT, ID_PAIS) values (558,8,'POLONUEVO', 1, 170);
INSERT INTO MUNICIPIO (MUNI_CODI, DPTO_CODI, MUNI_NOMB, ID_CONT, ID_PAIS) values (560,8,'PONEDERA', 1, 170);
INSERT INTO MUNICIPIO (MUNI_CODI, DPTO_CODI, MUNI_NOMB, ID_CONT, ID_PAIS) values (573,8,'PUERTO COLOMBIA', 1, 170);
INSERT INTO MUNICIPIO (MUNI_CODI, DPTO_CODI, MUNI_NOMB, ID_CONT, ID_PAIS) values (606,8,'REPELON', 1, 170);
INSERT INTO MUNICIPIO (MUNI_CODI, DPTO_CODI, MUNI_NOMB, ID_CONT, ID_PAIS) values (634,8,'SABANAGRANDE', 1, 170);
INSERT INTO MUNICIPIO (MUNI_CODI, DPTO_CODI, MUNI_NOMB, ID_CONT, ID_PAIS) values (638,8,'SABANALARGA', 1, 170);
INSERT INTO MUNICIPIO (MUNI_CODI, DPTO_CODI, MUNI_NOMB, ID_CONT, ID_PAIS) values (675,8,'SANTA LUCIA', 1, 170);
INSERT INTO MUNICIPIO (MUNI_CODI, DPTO_CODI, MUNI_NOMB, ID_CONT, ID_PAIS) values (685,8,'SANTO TOMAS', 1, 170);
INSERT INTO MUNICIPIO (MUNI_CODI, DPTO_CODI, MUNI_NOMB, ID_CONT, ID_PAIS) values (758,8,'SOLEDAD', 1, 170);
INSERT INTO MUNICIPIO (MUNI_CODI, DPTO_CODI, MUNI_NOMB, ID_CONT, ID_PAIS) values (770,8,'SUAN', 1, 170);
INSERT INTO MUNICIPIO (MUNI_CODI, DPTO_CODI, MUNI_NOMB, ID_CONT, ID_PAIS) values (832,8,'TUBARA', 1, 170);
INSERT INTO MUNICIPIO (MUNI_CODI, DPTO_CODI, MUNI_NOMB, ID_CONT, ID_PAIS) values (849,8,'USIACURI', 1, 170);
INSERT INTO MUNICIPIO (MUNI_CODI, DPTO_CODI, MUNI_NOMB, ID_CONT, ID_PAIS) values (1,11,'BOGOTA', 1, 170);
INSERT INTO MUNICIPIO (MUNI_CODI, DPTO_CODI, MUNI_NOMB, ID_CONT, ID_PAIS) values (1,13,'CARTAGENA', 1, 170);
INSERT INTO MUNICIPIO (MUNI_CODI, DPTO_CODI, MUNI_NOMB, ID_CONT, ID_PAIS) values (6,13,'ACHI', 1, 170);
INSERT INTO MUNICIPIO (MUNI_CODI, DPTO_CODI, MUNI_NOMB, ID_CONT, ID_PAIS) values (30,13,'ALTOS DEL ROSARIO', 1, 170);
INSERT INTO MUNICIPIO (MUNI_CODI, DPTO_CODI, MUNI_NOMB, ID_CONT, ID_PAIS) values (42,13,'ARENAL', 1, 170);
INSERT INTO MUNICIPIO (MUNI_CODI, DPTO_CODI, MUNI_NOMB, ID_CONT, ID_PAIS) values (52,13,'ARJONA', 1, 170);
INSERT INTO MUNICIPIO (MUNI_CODI, DPTO_CODI, MUNI_NOMB, ID_CONT, ID_PAIS) values (62,13,'ARROYOHONDO', 1, 170);
INSERT INTO MUNICIPIO (MUNI_CODI, DPTO_CODI, MUNI_NOMB, ID_CONT, ID_PAIS) values (74,13,'BARRANCO DE LOBA', 1, 170);
INSERT INTO MUNICIPIO (MUNI_CODI, DPTO_CODI, MUNI_NOMB, ID_CONT, ID_PAIS) values (140,13,'CALAMAR', 1, 170);
INSERT INTO MUNICIPIO (MUNI_CODI, DPTO_CODI, MUNI_NOMB, ID_CONT, ID_PAIS) values (160,13,'CANTAGALLO', 1, 170);
INSERT INTO MUNICIPIO (MUNI_CODI, DPTO_CODI, MUNI_NOMB, ID_CONT, ID_PAIS) values (188,13,'CICUCO', 1, 170);
INSERT INTO MUNICIPIO (MUNI_CODI, DPTO_CODI, MUNI_NOMB, ID_CONT, ID_PAIS) values (212,13,'CORDOBA', 1, 170);
INSERT INTO MUNICIPIO (MUNI_CODI, DPTO_CODI, MUNI_NOMB, ID_CONT, ID_PAIS) values (222,13,'CLEMENCIA', 1, 170);
INSERT INTO MUNICIPIO (MUNI_CODI, DPTO_CODI, MUNI_NOMB, ID_CONT, ID_PAIS) values (244,13,'EL CARMEN DE BOLIVAR', 1, 170);
INSERT INTO MUNICIPIO (MUNI_CODI, DPTO_CODI, MUNI_NOMB, ID_CONT, ID_PAIS) values (248,13,'EL GUAMO', 1, 170);
INSERT INTO MUNICIPIO (MUNI_CODI, DPTO_CODI, MUNI_NOMB, ID_CONT, ID_PAIS) values (268,13,'EL PEÑON', 1, 170);
INSERT INTO MUNICIPIO (MUNI_CODI, DPTO_CODI, MUNI_NOMB, ID_CONT, ID_PAIS) values (300,13,'HATILLO DE LOBA', 1, 170);
INSERT INTO MUNICIPIO (MUNI_CODI, DPTO_CODI, MUNI_NOMB, ID_CONT, ID_PAIS) values (430,13,'MAGANGUE', 1, 170);
INSERT INTO MUNICIPIO (MUNI_CODI, DPTO_CODI, MUNI_NOMB, ID_CONT, ID_PAIS) values (433,13,'MAHATES', 1, 170);
INSERT INTO MUNICIPIO (MUNI_CODI, DPTO_CODI, MUNI_NOMB, ID_CONT, ID_PAIS) values (440,13,'MARGARITA', 1, 170);
INSERT INTO MUNICIPIO (MUNI_CODI, DPTO_CODI, MUNI_NOMB, ID_CONT, ID_PAIS) values (442,13,'MARIA LA BAJA', 1, 170);
INSERT INTO MUNICIPIO (MUNI_CODI, DPTO_CODI, MUNI_NOMB, ID_CONT, ID_PAIS) values (458,13,'MONTECRISTO', 1, 170);
INSERT INTO MUNICIPIO (MUNI_CODI, DPTO_CODI, MUNI_NOMB, ID_CONT, ID_PAIS) values (468,13,'MOMPOS', 1, 170);
INSERT INTO MUNICIPIO (MUNI_CODI, DPTO_CODI, MUNI_NOMB, ID_CONT, ID_PAIS) values (473,13,'MORALES', 1, 170);
INSERT INTO MUNICIPIO (MUNI_CODI, DPTO_CODI, MUNI_NOMB, ID_CONT, ID_PAIS) values (549,13,'PINILLOS', 1, 170);
INSERT INTO MUNICIPIO (MUNI_CODI, DPTO_CODI, MUNI_NOMB, ID_CONT, ID_PAIS) values (580,13,'REGIDOR', 1, 170);
INSERT INTO MUNICIPIO (MUNI_CODI, DPTO_CODI, MUNI_NOMB, ID_CONT, ID_PAIS) values (600,13,'RIO VIEJO', 1, 170);
INSERT INTO MUNICIPIO (MUNI_CODI, DPTO_CODI, MUNI_NOMB, ID_CONT, ID_PAIS) values (620,13,'SAN CRISTOBAL', 1, 170);
INSERT INTO MUNICIPIO (MUNI_CODI, DPTO_CODI, MUNI_NOMB, ID_CONT, ID_PAIS) values (647,13,'SAN ESTANISLAO', 1, 170);
INSERT INTO MUNICIPIO (MUNI_CODI, DPTO_CODI, MUNI_NOMB, ID_CONT, ID_PAIS) values (650,13,'SAN FERNANDO', 1, 170);
INSERT INTO MUNICIPIO (MUNI_CODI, DPTO_CODI, MUNI_NOMB, ID_CONT, ID_PAIS) values (654,13,'SAN JACINTO', 1, 170);
INSERT INTO MUNICIPIO (MUNI_CODI, DPTO_CODI, MUNI_NOMB, ID_CONT, ID_PAIS) values (655,13,'SAN JACINTO DEL CAUCA', 1, 170);
INSERT INTO MUNICIPIO (MUNI_CODI, DPTO_CODI, MUNI_NOMB, ID_CONT, ID_PAIS) values (657,13,'SAN JUAN NEPOMUCENO', 1, 170);
INSERT INTO MUNICIPIO (MUNI_CODI, DPTO_CODI, MUNI_NOMB, ID_CONT, ID_PAIS) values (667,13,'SAN MARTIN DE LOBA', 1, 170);
INSERT INTO MUNICIPIO (MUNI_CODI, DPTO_CODI, MUNI_NOMB, ID_CONT, ID_PAIS) values (670,13,'SAN PABLO', 1, 170);
INSERT INTO MUNICIPIO (MUNI_CODI, DPTO_CODI, MUNI_NOMB, ID_CONT, ID_PAIS) values (673,13,'SANTA CATALINA', 1, 170);
INSERT INTO MUNICIPIO (MUNI_CODI, DPTO_CODI, MUNI_NOMB, ID_CONT, ID_PAIS) values (683,13,'SANTA ROSA NORTE', 1, 170);
INSERT INTO MUNICIPIO (MUNI_CODI, DPTO_CODI, MUNI_NOMB, ID_CONT, ID_PAIS) values (688,13,'SANTA ROSA DEL SUR', 1, 170);
INSERT INTO MUNICIPIO (MUNI_CODI, DPTO_CODI, MUNI_NOMB, ID_CONT, ID_PAIS) values (744,13,'SIMITI', 1, 170);
INSERT INTO MUNICIPIO (MUNI_CODI, DPTO_CODI, MUNI_NOMB, ID_CONT, ID_PAIS) values (760,13,'SOPLAVIENTO', 1, 170);
INSERT INTO MUNICIPIO (MUNI_CODI, DPTO_CODI, MUNI_NOMB, ID_CONT, ID_PAIS) values (780,13,'TALAIGUA NUEVO', 1, 170);
INSERT INTO MUNICIPIO (MUNI_CODI, DPTO_CODI, MUNI_NOMB, ID_CONT, ID_PAIS) values (810,13,'IQUISIO', 1, 170);
INSERT INTO MUNICIPIO (MUNI_CODI, DPTO_CODI, MUNI_NOMB, ID_CONT, ID_PAIS) values (836,13,'TURBACO', 1, 170);
INSERT INTO MUNICIPIO (MUNI_CODI, DPTO_CODI, MUNI_NOMB, ID_CONT, ID_PAIS) values (838,13,'TURBANA', 1, 170);
INSERT INTO MUNICIPIO (MUNI_CODI, DPTO_CODI, MUNI_NOMB, ID_CONT, ID_PAIS) values (873,13,'VILLANUEVA', 1, 170);
INSERT INTO MUNICIPIO (MUNI_CODI, DPTO_CODI, MUNI_NOMB, ID_CONT, ID_PAIS) values (894,13,'ZAMBRANO', 1, 170);
INSERT INTO MUNICIPIO (MUNI_CODI, DPTO_CODI, MUNI_NOMB, ID_CONT, ID_PAIS) values (1,15,'TUNJA', 1, 170);
INSERT INTO MUNICIPIO (MUNI_CODI, DPTO_CODI, MUNI_NOMB, ID_CONT, ID_PAIS) values (22,15,'ALMEIDA', 1, 170);
INSERT INTO MUNICIPIO (MUNI_CODI, DPTO_CODI, MUNI_NOMB, ID_CONT, ID_PAIS) values (47,15,'AQUITANIA', 1, 170);
INSERT INTO MUNICIPIO (MUNI_CODI, DPTO_CODI, MUNI_NOMB, ID_CONT, ID_PAIS) values (51,15,'ARCABUCO', 1, 170);
INSERT INTO MUNICIPIO (MUNI_CODI, DPTO_CODI, MUNI_NOMB, ID_CONT, ID_PAIS) values (87,15,'BELEN', 1, 170);
INSERT INTO MUNICIPIO (MUNI_CODI, DPTO_CODI, MUNI_NOMB, ID_CONT, ID_PAIS) values (90,15,'BERBEO', 1, 170);
INSERT INTO MUNICIPIO (MUNI_CODI, DPTO_CODI, MUNI_NOMB, ID_CONT, ID_PAIS) values (92,15,'BETEITIVA', 1, 170);
INSERT INTO MUNICIPIO (MUNI_CODI, DPTO_CODI, MUNI_NOMB, ID_CONT, ID_PAIS) values (97,15,'BOAVITA', 1, 170);
INSERT INTO MUNICIPIO (MUNI_CODI, DPTO_CODI, MUNI_NOMB, ID_CONT, ID_PAIS) values (104,15,'BOYACA', 1, 170);
INSERT INTO MUNICIPIO (MUNI_CODI, DPTO_CODI, MUNI_NOMB, ID_CONT, ID_PAIS) values (106,15,'BRICENO', 1, 170);
INSERT INTO MUNICIPIO (MUNI_CODI, DPTO_CODI, MUNI_NOMB, ID_CONT, ID_PAIS) values (109,15,'BUENAVISTA', 1, 170);
INSERT INTO MUNICIPIO (MUNI_CODI, DPTO_CODI, MUNI_NOMB, ID_CONT, ID_PAIS) values (114,15,'BUSBANZA', 1, 170);
INSERT INTO MUNICIPIO (MUNI_CODI, DPTO_CODI, MUNI_NOMB, ID_CONT, ID_PAIS) values (131,15,'CALDAS', 1, 170);
INSERT INTO MUNICIPIO (MUNI_CODI, DPTO_CODI, MUNI_NOMB, ID_CONT, ID_PAIS) values (135,15,'CAMPOHERMOSO', 1, 170);
INSERT INTO MUNICIPIO (MUNI_CODI, DPTO_CODI, MUNI_NOMB, ID_CONT, ID_PAIS) values (162,15,'CERINZA', 1, 170);
INSERT INTO MUNICIPIO (MUNI_CODI, DPTO_CODI, MUNI_NOMB, ID_CONT, ID_PAIS) values (172,15,'CHINAVITA', 1, 170);
INSERT INTO MUNICIPIO (MUNI_CODI, DPTO_CODI, MUNI_NOMB, ID_CONT, ID_PAIS) values (176,15,'CHIQUINQUIRA', 1, 170);
INSERT INTO MUNICIPIO (MUNI_CODI, DPTO_CODI, MUNI_NOMB, ID_CONT, ID_PAIS) values (180,15,'CHISCAS', 1, 170);
INSERT INTO MUNICIPIO (MUNI_CODI, DPTO_CODI, MUNI_NOMB, ID_CONT, ID_PAIS) values (183,15,'CHITA', 1, 170);
INSERT INTO MUNICIPIO (MUNI_CODI, DPTO_CODI, MUNI_NOMB, ID_CONT, ID_PAIS) values (185,15,'CHITARAQUE', 1, 170);
INSERT INTO MUNICIPIO (MUNI_CODI, DPTO_CODI, MUNI_NOMB, ID_CONT, ID_PAIS) values (187,15,'CHIVATA', 1, 170);
INSERT INTO MUNICIPIO (MUNI_CODI, DPTO_CODI, MUNI_NOMB, ID_CONT, ID_PAIS) values (189,15,'CIENEGA', 1, 170);
INSERT INTO MUNICIPIO (MUNI_CODI, DPTO_CODI, MUNI_NOMB, ID_CONT, ID_PAIS) values (204,15,'COMBITA', 1, 170);
INSERT INTO MUNICIPIO (MUNI_CODI, DPTO_CODI, MUNI_NOMB, ID_CONT, ID_PAIS) values (212,15,'COPER', 1, 170);
INSERT INTO MUNICIPIO (MUNI_CODI, DPTO_CODI, MUNI_NOMB, ID_CONT, ID_PAIS) values (215,15,'CORRALES', 1, 170);
INSERT INTO MUNICIPIO (MUNI_CODI, DPTO_CODI, MUNI_NOMB, ID_CONT, ID_PAIS) values (218,15,'COVARACHIA', 1, 170);
INSERT INTO MUNICIPIO (MUNI_CODI, DPTO_CODI, MUNI_NOMB, ID_CONT, ID_PAIS) values (223,15,'CUBARA', 1, 170);
INSERT INTO MUNICIPIO (MUNI_CODI, DPTO_CODI, MUNI_NOMB, ID_CONT, ID_PAIS) values (224,15,'CUCAITA', 1, 170);
INSERT INTO MUNICIPIO (MUNI_CODI, DPTO_CODI, MUNI_NOMB, ID_CONT, ID_PAIS) values (226,15,'CUITIVA', 1, 170);
INSERT INTO MUNICIPIO (MUNI_CODI, DPTO_CODI, MUNI_NOMB, ID_CONT, ID_PAIS) values (232,15,'CHIQUIZA', 1, 170);
INSERT INTO MUNICIPIO (MUNI_CODI, DPTO_CODI, MUNI_NOMB, ID_CONT, ID_PAIS) values (236,15,'CHIVOR', 1, 170);
INSERT INTO MUNICIPIO (MUNI_CODI, DPTO_CODI, MUNI_NOMB, ID_CONT, ID_PAIS) values (238,15,'DUITAMA', 1, 170);
INSERT INTO MUNICIPIO (MUNI_CODI, DPTO_CODI, MUNI_NOMB, ID_CONT, ID_PAIS) values (244,15,'EL COCUY', 1, 170);
INSERT INTO MUNICIPIO (MUNI_CODI, DPTO_CODI, MUNI_NOMB, ID_CONT, ID_PAIS) values (248,15,'EL ESPINO', 1, 170);
INSERT INTO MUNICIPIO (MUNI_CODI, DPTO_CODI, MUNI_NOMB, ID_CONT, ID_PAIS) values (272,15,'FIRAVITOBA', 1, 170);
INSERT INTO MUNICIPIO (MUNI_CODI, DPTO_CODI, MUNI_NOMB, ID_CONT, ID_PAIS) values (276,15,'FLORESTA', 1, 170);
INSERT INTO MUNICIPIO (MUNI_CODI, DPTO_CODI, MUNI_NOMB, ID_CONT, ID_PAIS) values (293,15,'GACHANTIVA', 1, 170);
INSERT INTO MUNICIPIO (MUNI_CODI, DPTO_CODI, MUNI_NOMB, ID_CONT, ID_PAIS) values (296,15,'GAMEZA', 1, 170);
INSERT INTO MUNICIPIO (MUNI_CODI, DPTO_CODI, MUNI_NOMB, ID_CONT, ID_PAIS) values (299,15,'GARAGOA', 1, 170);
INSERT INTO MUNICIPIO (MUNI_CODI, DPTO_CODI, MUNI_NOMB, ID_CONT, ID_PAIS) values (317,15,'GUACAMAYAS', 1, 170);
INSERT INTO MUNICIPIO (MUNI_CODI, DPTO_CODI, MUNI_NOMB, ID_CONT, ID_PAIS) values (322,15,'GUATEQUE', 1, 170);
INSERT INTO MUNICIPIO (MUNI_CODI, DPTO_CODI, MUNI_NOMB, ID_CONT, ID_PAIS) values (325,15,'GUAYATA', 1, 170);
INSERT INTO MUNICIPIO (MUNI_CODI, DPTO_CODI, MUNI_NOMB, ID_CONT, ID_PAIS) values (332,15,'GUICAN', 1, 170);
INSERT INTO MUNICIPIO (MUNI_CODI, DPTO_CODI, MUNI_NOMB, ID_CONT, ID_PAIS) values (362,15,'IZA', 1, 170);
INSERT INTO MUNICIPIO (MUNI_CODI, DPTO_CODI, MUNI_NOMB, ID_CONT, ID_PAIS) values (367,15,'JENESANO', 1, 170);
INSERT INTO MUNICIPIO (MUNI_CODI, DPTO_CODI, MUNI_NOMB, ID_CONT, ID_PAIS) values (368,15,'JERICO', 1, 170);
INSERT INTO MUNICIPIO (MUNI_CODI, DPTO_CODI, MUNI_NOMB, ID_CONT, ID_PAIS) values (377,15,'LABRANZAGRANDE', 1, 170);
INSERT INTO MUNICIPIO (MUNI_CODI, DPTO_CODI, MUNI_NOMB, ID_CONT, ID_PAIS) values (380,15,'LA CAPILLA', 1, 170);
INSERT INTO MUNICIPIO (MUNI_CODI, DPTO_CODI, MUNI_NOMB, ID_CONT, ID_PAIS) values (401,15,'LA VICTORIA', 1, 170);
INSERT INTO MUNICIPIO (MUNI_CODI, DPTO_CODI, MUNI_NOMB, ID_CONT, ID_PAIS) values (403,15,'LA UVITA', 1, 170);
INSERT INTO MUNICIPIO (MUNI_CODI, DPTO_CODI, MUNI_NOMB, ID_CONT, ID_PAIS) values (407,15,'VILLA DE LEYVA', 1, 170);
INSERT INTO MUNICIPIO (MUNI_CODI, DPTO_CODI, MUNI_NOMB, ID_CONT, ID_PAIS) values (425,15,'MACANAL', 1, 170);
INSERT INTO MUNICIPIO (MUNI_CODI, DPTO_CODI, MUNI_NOMB, ID_CONT, ID_PAIS) values (442,15,'MARIPI', 1, 170);
INSERT INTO MUNICIPIO (MUNI_CODI, DPTO_CODI, MUNI_NOMB, ID_CONT, ID_PAIS) values (455,15,'MIRAFLORES', 1, 170);
INSERT INTO MUNICIPIO (MUNI_CODI, DPTO_CODI, MUNI_NOMB, ID_CONT, ID_PAIS) values (464,15,'MONGUA', 1, 170);
INSERT INTO MUNICIPIO (MUNI_CODI, DPTO_CODI, MUNI_NOMB, ID_CONT, ID_PAIS) values (466,15,'MONGUI', 1, 170);
INSERT INTO MUNICIPIO (MUNI_CODI, DPTO_CODI, MUNI_NOMB, ID_CONT, ID_PAIS) values (469,15,'MONIQUIRA', 1, 170);
INSERT INTO MUNICIPIO (MUNI_CODI, DPTO_CODI, MUNI_NOMB, ID_CONT, ID_PAIS) values (476,15,'MOTAVITA', 1, 170);
INSERT INTO MUNICIPIO (MUNI_CODI, DPTO_CODI, MUNI_NOMB, ID_CONT, ID_PAIS) values (480,15,'MUZO', 1, 170);
INSERT INTO MUNICIPIO (MUNI_CODI, DPTO_CODI, MUNI_NOMB, ID_CONT, ID_PAIS) values (491,15,'NOBSA', 1, 170);
INSERT INTO MUNICIPIO (MUNI_CODI, DPTO_CODI, MUNI_NOMB, ID_CONT, ID_PAIS) values (494,15,'NUEVO COLON', 1, 170);
INSERT INTO MUNICIPIO (MUNI_CODI, DPTO_CODI, MUNI_NOMB, ID_CONT, ID_PAIS) values (500,15,'OICATA', 1, 170);
INSERT INTO MUNICIPIO (MUNI_CODI, DPTO_CODI, MUNI_NOMB, ID_CONT, ID_PAIS) values (507,15,'OTANCHE', 1, 170);
INSERT INTO MUNICIPIO (MUNI_CODI, DPTO_CODI, MUNI_NOMB, ID_CONT, ID_PAIS) values (511,15,'PACHAVITA', 1, 170);
INSERT INTO MUNICIPIO (MUNI_CODI, DPTO_CODI, MUNI_NOMB, ID_CONT, ID_PAIS) values (514,15,'PAEZ', 1, 170);
INSERT INTO MUNICIPIO (MUNI_CODI, DPTO_CODI, MUNI_NOMB, ID_CONT, ID_PAIS) values (516,15,'PAIPA', 1, 170);
INSERT INTO MUNICIPIO (MUNI_CODI, DPTO_CODI, MUNI_NOMB, ID_CONT, ID_PAIS) values (518,15,'PAJARITO', 1, 170);
INSERT INTO MUNICIPIO (MUNI_CODI, DPTO_CODI, MUNI_NOMB, ID_CONT, ID_PAIS) values (522,15,'PANQUEBA', 1, 170);
INSERT INTO MUNICIPIO (MUNI_CODI, DPTO_CODI, MUNI_NOMB, ID_CONT, ID_PAIS) values (531,15,'PAUNA', 1, 170);
INSERT INTO MUNICIPIO (MUNI_CODI, DPTO_CODI, MUNI_NOMB, ID_CONT, ID_PAIS) values (533,15,'PAYA', 1, 170);
INSERT INTO MUNICIPIO (MUNI_CODI, DPTO_CODI, MUNI_NOMB, ID_CONT, ID_PAIS) values (537,15,'PAZ DE RIO', 1, 170);
INSERT INTO MUNICIPIO (MUNI_CODI, DPTO_CODI, MUNI_NOMB, ID_CONT, ID_PAIS) values (542,15,'PESCA', 1, 170);
INSERT INTO MUNICIPIO (MUNI_CODI, DPTO_CODI, MUNI_NOMB, ID_CONT, ID_PAIS) values (550,15,'PISVA', 1, 170);
INSERT INTO MUNICIPIO (MUNI_CODI, DPTO_CODI, MUNI_NOMB, ID_CONT, ID_PAIS) values (572,15,'PUERTO BOYACA', 1, 170);
INSERT INTO MUNICIPIO (MUNI_CODI, DPTO_CODI, MUNI_NOMB, ID_CONT, ID_PAIS) values (580,15,'QUIPAMA', 1, 170);
INSERT INTO MUNICIPIO (MUNI_CODI, DPTO_CODI, MUNI_NOMB, ID_CONT, ID_PAIS) values (599,15,'RAMIRIQUI', 1, 170);
INSERT INTO MUNICIPIO (MUNI_CODI, DPTO_CODI, MUNI_NOMB, ID_CONT, ID_PAIS) values (600,15,'RAQUIRA', 1, 170);
INSERT INTO MUNICIPIO (MUNI_CODI, DPTO_CODI, MUNI_NOMB, ID_CONT, ID_PAIS) values (621,15,'RONDON', 1, 170);
INSERT INTO MUNICIPIO (MUNI_CODI, DPTO_CODI, MUNI_NOMB, ID_CONT, ID_PAIS) values (632,15,'SABOYA', 1, 170);
INSERT INTO MUNICIPIO (MUNI_CODI, DPTO_CODI, MUNI_NOMB, ID_CONT, ID_PAIS) values (638,15,'SACHICA', 1, 170);
INSERT INTO MUNICIPIO (MUNI_CODI, DPTO_CODI, MUNI_NOMB, ID_CONT, ID_PAIS) values (646,15,'SAMACA', 1, 170);
INSERT INTO MUNICIPIO (MUNI_CODI, DPTO_CODI, MUNI_NOMB, ID_CONT, ID_PAIS) values (660,15,'SAN EDUARDO', 1, 170);
INSERT INTO MUNICIPIO (MUNI_CODI, DPTO_CODI, MUNI_NOMB, ID_CONT, ID_PAIS) values (664,15,'SAN JOSE DE PARE', 1, 170);
INSERT INTO MUNICIPIO (MUNI_CODI, DPTO_CODI, MUNI_NOMB, ID_CONT, ID_PAIS) values (667,15,'SAN LUIS DE GACENO', 1, 170);
INSERT INTO MUNICIPIO (MUNI_CODI, DPTO_CODI, MUNI_NOMB, ID_CONT, ID_PAIS) values (673,15,'SAN MATEO', 1, 170);
INSERT INTO MUNICIPIO (MUNI_CODI, DPTO_CODI, MUNI_NOMB, ID_CONT, ID_PAIS) values (676,15,'SAN MIGUEL DE SEMA', 1, 170);
INSERT INTO MUNICIPIO (MUNI_CODI, DPTO_CODI, MUNI_NOMB, ID_CONT, ID_PAIS) values (681,15,'SAN PABLO DE BORBUR', 1, 170);
INSERT INTO MUNICIPIO (MUNI_CODI, DPTO_CODI, MUNI_NOMB, ID_CONT, ID_PAIS) values (686,15,'SANTANA', 1, 170);
INSERT INTO MUNICIPIO (MUNI_CODI, DPTO_CODI, MUNI_NOMB, ID_CONT, ID_PAIS) values (690,15,'SANTA MARIA', 1, 170);
INSERT INTO MUNICIPIO (MUNI_CODI, DPTO_CODI, MUNI_NOMB, ID_CONT, ID_PAIS) values (693,15,'SANTA ROSA DE VITERBO', 1, 170);
INSERT INTO MUNICIPIO (MUNI_CODI, DPTO_CODI, MUNI_NOMB, ID_CONT, ID_PAIS) values (696,15,'SANTA SOFIA', 1, 170);
INSERT INTO MUNICIPIO (MUNI_CODI, DPTO_CODI, MUNI_NOMB, ID_CONT, ID_PAIS) values (720,15,'SATIVANORTE', 1, 170);
INSERT INTO MUNICIPIO (MUNI_CODI, DPTO_CODI, MUNI_NOMB, ID_CONT, ID_PAIS) values (723,15,'SATIVASUR', 1, 170);
INSERT INTO MUNICIPIO (MUNI_CODI, DPTO_CODI, MUNI_NOMB, ID_CONT, ID_PAIS) values (740,15,'SIACHOQUE', 1, 170);
INSERT INTO MUNICIPIO (MUNI_CODI, DPTO_CODI, MUNI_NOMB, ID_CONT, ID_PAIS) values (753,15,'SOATA', 1, 170);
INSERT INTO MUNICIPIO (MUNI_CODI, DPTO_CODI, MUNI_NOMB, ID_CONT, ID_PAIS) values (755,15,'SOCOTA', 1, 170);
INSERT INTO MUNICIPIO (MUNI_CODI, DPTO_CODI, MUNI_NOMB, ID_CONT, ID_PAIS) values (757,15,'SOCHA', 1, 170);
INSERT INTO MUNICIPIO (MUNI_CODI, DPTO_CODI, MUNI_NOMB, ID_CONT, ID_PAIS) values (759,15,'SOGAMOSO', 1, 170);
INSERT INTO MUNICIPIO (MUNI_CODI, DPTO_CODI, MUNI_NOMB, ID_CONT, ID_PAIS) values (761,15,'SOMONDOCO', 1, 170);
INSERT INTO MUNICIPIO (MUNI_CODI, DPTO_CODI, MUNI_NOMB, ID_CONT, ID_PAIS) values (762,15,'SORA', 1, 170);
INSERT INTO MUNICIPIO (MUNI_CODI, DPTO_CODI, MUNI_NOMB, ID_CONT, ID_PAIS) values (763,15,'SOTAQUIRA', 1, 170);
INSERT INTO MUNICIPIO (MUNI_CODI, DPTO_CODI, MUNI_NOMB, ID_CONT, ID_PAIS) values (764,15,'SORACA', 1, 170);
INSERT INTO MUNICIPIO (MUNI_CODI, DPTO_CODI, MUNI_NOMB, ID_CONT, ID_PAIS) values (774,15,'SUSACON', 1, 170);
INSERT INTO MUNICIPIO (MUNI_CODI, DPTO_CODI, MUNI_NOMB, ID_CONT, ID_PAIS) values (776,15,'SUTAMARCHAN', 1, 170);
INSERT INTO MUNICIPIO (MUNI_CODI, DPTO_CODI, MUNI_NOMB, ID_CONT, ID_PAIS) values (778,15,'SUTATENZA', 1, 170);
INSERT INTO MUNICIPIO (MUNI_CODI, DPTO_CODI, MUNI_NOMB, ID_CONT, ID_PAIS) values (790,15,'TASCO', 1, 170);
INSERT INTO MUNICIPIO (MUNI_CODI, DPTO_CODI, MUNI_NOMB, ID_CONT, ID_PAIS) values (798,15,'TENZA', 1, 170);
INSERT INTO MUNICIPIO (MUNI_CODI, DPTO_CODI, MUNI_NOMB, ID_CONT, ID_PAIS) values (804,15,'TIBANA', 1, 170);
INSERT INTO MUNICIPIO (MUNI_CODI, DPTO_CODI, MUNI_NOMB, ID_CONT, ID_PAIS) values (806,15,'TIBASOSA', 1, 170);
INSERT INTO MUNICIPIO (MUNI_CODI, DPTO_CODI, MUNI_NOMB, ID_CONT, ID_PAIS) values (808,15,'TINJACA', 1, 170);
INSERT INTO MUNICIPIO (MUNI_CODI, DPTO_CODI, MUNI_NOMB, ID_CONT, ID_PAIS) values (810,15,'TIPACOQUE', 1, 170);
INSERT INTO MUNICIPIO (MUNI_CODI, DPTO_CODI, MUNI_NOMB, ID_CONT, ID_PAIS) values (814,15,'TOCA', 1, 170);
INSERT INTO MUNICIPIO (MUNI_CODI, DPTO_CODI, MUNI_NOMB, ID_CONT, ID_PAIS) values (816,15,'TOGUI', 1, 170);
INSERT INTO MUNICIPIO (MUNI_CODI, DPTO_CODI, MUNI_NOMB, ID_CONT, ID_PAIS) values (820,15,'TOPAGA', 1, 170);
INSERT INTO MUNICIPIO (MUNI_CODI, DPTO_CODI, MUNI_NOMB, ID_CONT, ID_PAIS) values (822,15,'TOTA', 1, 170);
INSERT INTO MUNICIPIO (MUNI_CODI, DPTO_CODI, MUNI_NOMB, ID_CONT, ID_PAIS) values (832,15,'TUNUNGUA', 1, 170);
INSERT INTO MUNICIPIO (MUNI_CODI, DPTO_CODI, MUNI_NOMB, ID_CONT, ID_PAIS) values (835,15,'TURMEQUE', 1, 170);
INSERT INTO MUNICIPIO (MUNI_CODI, DPTO_CODI, MUNI_NOMB, ID_CONT, ID_PAIS) values (837,15,'TUTA', 1, 170);
INSERT INTO MUNICIPIO (MUNI_CODI, DPTO_CODI, MUNI_NOMB, ID_CONT, ID_PAIS) values (839,15,'TUTASA', 1, 170);
INSERT INTO MUNICIPIO (MUNI_CODI, DPTO_CODI, MUNI_NOMB, ID_CONT, ID_PAIS) values (842,15,'UMBITA', 1, 170);
INSERT INTO MUNICIPIO (MUNI_CODI, DPTO_CODI, MUNI_NOMB, ID_CONT, ID_PAIS) values (861,15,'VENTAQUEMADA', 1, 170);
INSERT INTO MUNICIPIO (MUNI_CODI, DPTO_CODI, MUNI_NOMB, ID_CONT, ID_PAIS) values (879,15,'VIRACACHA', 1, 170);
INSERT INTO MUNICIPIO (MUNI_CODI, DPTO_CODI, MUNI_NOMB, ID_CONT, ID_PAIS) values (897,15,'ZETAQUIRA', 1, 170);
INSERT INTO MUNICIPIO (MUNI_CODI, DPTO_CODI, MUNI_NOMB, ID_CONT, ID_PAIS) values (1,17,'MANIZALES', 1, 170);
INSERT INTO MUNICIPIO (MUNI_CODI, DPTO_CODI, MUNI_NOMB, ID_CONT, ID_PAIS) values (13,17,'AGUADAS', 1, 170);
INSERT INTO MUNICIPIO (MUNI_CODI, DPTO_CODI, MUNI_NOMB, ID_CONT, ID_PAIS) values (42,17,'ANSERMA', 1, 170);
INSERT INTO MUNICIPIO (MUNI_CODI, DPTO_CODI, MUNI_NOMB, ID_CONT, ID_PAIS) values (50,17,'ARANZAZU', 1, 170);
INSERT INTO MUNICIPIO (MUNI_CODI, DPTO_CODI, MUNI_NOMB, ID_CONT, ID_PAIS) values (88,17,'BELALCAZAR', 1, 170);
INSERT INTO MUNICIPIO (MUNI_CODI, DPTO_CODI, MUNI_NOMB, ID_CONT, ID_PAIS) values (174,17,'CHINCHINA', 1, 170);
INSERT INTO MUNICIPIO (MUNI_CODI, DPTO_CODI, MUNI_NOMB, ID_CONT, ID_PAIS) values (272,17,'FILADELFIA', 1, 170);
INSERT INTO MUNICIPIO (MUNI_CODI, DPTO_CODI, MUNI_NOMB, ID_CONT, ID_PAIS) values (380,17,'LA DORADA', 1, 170);
INSERT INTO MUNICIPIO (MUNI_CODI, DPTO_CODI, MUNI_NOMB, ID_CONT, ID_PAIS) values (388,17,'LA MERCED', 1, 170);
INSERT INTO MUNICIPIO (MUNI_CODI, DPTO_CODI, MUNI_NOMB, ID_CONT, ID_PAIS) values (433,17,'MANZANARES', 1, 170);
INSERT INTO MUNICIPIO (MUNI_CODI, DPTO_CODI, MUNI_NOMB, ID_CONT, ID_PAIS) values (442,17,'MARMATO', 1, 170);
INSERT INTO MUNICIPIO (MUNI_CODI, DPTO_CODI, MUNI_NOMB, ID_CONT, ID_PAIS) values (444,17,'MARQUETALIA', 1, 170);
INSERT INTO MUNICIPIO (MUNI_CODI, DPTO_CODI, MUNI_NOMB, ID_CONT, ID_PAIS) values (446,17,'MARULANDA', 1, 170);
INSERT INTO MUNICIPIO (MUNI_CODI, DPTO_CODI, MUNI_NOMB, ID_CONT, ID_PAIS) values (486,17,'NEIRA', 1, 170);
INSERT INTO MUNICIPIO (MUNI_CODI, DPTO_CODI, MUNI_NOMB, ID_CONT, ID_PAIS) values (513,17,'PACORA', 1, 170);
INSERT INTO MUNICIPIO (MUNI_CODI, DPTO_CODI, MUNI_NOMB, ID_CONT, ID_PAIS) values (524,17,'PALESTINA', 1, 170);
INSERT INTO MUNICIPIO (MUNI_CODI, DPTO_CODI, MUNI_NOMB, ID_CONT, ID_PAIS) values (541,17,'PENSILVANIA', 1, 170);
INSERT INTO MUNICIPIO (MUNI_CODI, DPTO_CODI, MUNI_NOMB, ID_CONT, ID_PAIS) values (614,17,'RIOSUCIO', 1, 170);
INSERT INTO MUNICIPIO (MUNI_CODI, DPTO_CODI, MUNI_NOMB, ID_CONT, ID_PAIS) values (616,17,'RISARALDA', 1, 170);
INSERT INTO MUNICIPIO (MUNI_CODI, DPTO_CODI, MUNI_NOMB, ID_CONT, ID_PAIS) values (653,17,'SALAMINA', 1, 170);
INSERT INTO MUNICIPIO (MUNI_CODI, DPTO_CODI, MUNI_NOMB, ID_CONT, ID_PAIS) values (662,17,'SAMANA', 1, 170);
INSERT INTO MUNICIPIO (MUNI_CODI, DPTO_CODI, MUNI_NOMB, ID_CONT, ID_PAIS) values (665,17,'SAN JOSE', 1, 170);
INSERT INTO MUNICIPIO (MUNI_CODI, DPTO_CODI, MUNI_NOMB, ID_CONT, ID_PAIS) values (777,17,'SUPIA', 1, 170);
INSERT INTO MUNICIPIO (MUNI_CODI, DPTO_CODI, MUNI_NOMB, ID_CONT, ID_PAIS) values (867,17,'VICTORIA', 1, 170);
INSERT INTO MUNICIPIO (MUNI_CODI, DPTO_CODI, MUNI_NOMB, ID_CONT, ID_PAIS) values (873,17,'VILLAMARIA', 1, 170);
INSERT INTO MUNICIPIO (MUNI_CODI, DPTO_CODI, MUNI_NOMB, ID_CONT, ID_PAIS) values (877,17,'VITERBO', 1, 170);
INSERT INTO MUNICIPIO (MUNI_CODI, DPTO_CODI, MUNI_NOMB, ID_CONT, ID_PAIS) values (1,18,'FLORENCIA', 1, 170);
INSERT INTO MUNICIPIO (MUNI_CODI, DPTO_CODI, MUNI_NOMB, ID_CONT, ID_PAIS) values (29,18,'ALBANIA', 1, 170);
INSERT INTO MUNICIPIO (MUNI_CODI, DPTO_CODI, MUNI_NOMB, ID_CONT, ID_PAIS) values (94,18,'BELEN DE LOS ANDAQUIES', 1, 170);
INSERT INTO MUNICIPIO (MUNI_CODI, DPTO_CODI, MUNI_NOMB, ID_CONT, ID_PAIS) values (150,18,'CARTAGENA DEL CHAIRA', 1, 170);
INSERT INTO MUNICIPIO (MUNI_CODI, DPTO_CODI, MUNI_NOMB, ID_CONT, ID_PAIS) values (205,18,'CURILLO', 1, 170);
INSERT INTO MUNICIPIO (MUNI_CODI, DPTO_CODI, MUNI_NOMB, ID_CONT, ID_PAIS) values (247,18,'EL DONCELLO', 1, 170);
INSERT INTO MUNICIPIO (MUNI_CODI, DPTO_CODI, MUNI_NOMB, ID_CONT, ID_PAIS) values (256,18,'EL PAUJIL', 1, 170);
INSERT INTO MUNICIPIO (MUNI_CODI, DPTO_CODI, MUNI_NOMB, ID_CONT, ID_PAIS) values (410,18,'LA MONTAÑITA', 1, 170);
INSERT INTO MUNICIPIO (MUNI_CODI, DPTO_CODI, MUNI_NOMB, ID_CONT, ID_PAIS) values (460,18,'MILAN', 1, 170);
INSERT INTO MUNICIPIO (MUNI_CODI, DPTO_CODI, MUNI_NOMB, ID_CONT, ID_PAIS) values (479,18,'MORELIA', 1, 170);
INSERT INTO MUNICIPIO (MUNI_CODI, DPTO_CODI, MUNI_NOMB, ID_CONT, ID_PAIS) values (592,18,'PUERTO RICO', 1, 170);
INSERT INTO MUNICIPIO (MUNI_CODI, DPTO_CODI, MUNI_NOMB, ID_CONT, ID_PAIS) values (610,18,'SAN JOSE DE FRAGUA', 1, 170);
INSERT INTO MUNICIPIO (MUNI_CODI, DPTO_CODI, MUNI_NOMB, ID_CONT, ID_PAIS) values (753,18,'SAN VICENTE DEL CAGUAN', 1, 170);
INSERT INTO MUNICIPIO (MUNI_CODI, DPTO_CODI, MUNI_NOMB, ID_CONT, ID_PAIS) values (756,18,'SOLANO', 1, 170);
INSERT INTO MUNICIPIO (MUNI_CODI, DPTO_CODI, MUNI_NOMB, ID_CONT, ID_PAIS) values (765,18,'SOLANO', 1, 170);
INSERT INTO MUNICIPIO (MUNI_CODI, DPTO_CODI, MUNI_NOMB, ID_CONT, ID_PAIS) values (785,18,'SOLITA', 1, 170);
INSERT INTO MUNICIPIO (MUNI_CODI, DPTO_CODI, MUNI_NOMB, ID_CONT, ID_PAIS) values (860,18,'VALPARAISO', 1, 170);
INSERT INTO MUNICIPIO (MUNI_CODI, DPTO_CODI, MUNI_NOMB, ID_CONT, ID_PAIS) values (1,19,'POPAYAN', 1, 170);
INSERT INTO MUNICIPIO (MUNI_CODI, DPTO_CODI, MUNI_NOMB, ID_CONT, ID_PAIS) values (22,19,'ALMAGUER', 1, 170);
INSERT INTO MUNICIPIO (MUNI_CODI, DPTO_CODI, MUNI_NOMB, ID_CONT, ID_PAIS) values (50,19,'ARGELIA', 1, 170);
INSERT INTO MUNICIPIO (MUNI_CODI, DPTO_CODI, MUNI_NOMB, ID_CONT, ID_PAIS) values (75,19,'BALBOA', 1, 170);
INSERT INTO MUNICIPIO (MUNI_CODI, DPTO_CODI, MUNI_NOMB, ID_CONT, ID_PAIS) values (100,19,'BOLIVAR', 1, 170);
INSERT INTO MUNICIPIO (MUNI_CODI, DPTO_CODI, MUNI_NOMB, ID_CONT, ID_PAIS) values (110,19,'BUENOS AIRES', 1, 170);
INSERT INTO MUNICIPIO (MUNI_CODI, DPTO_CODI, MUNI_NOMB, ID_CONT, ID_PAIS) values (130,19,'CAJIBIO', 1, 170);
INSERT INTO MUNICIPIO (MUNI_CODI, DPTO_CODI, MUNI_NOMB, ID_CONT, ID_PAIS) values (137,19,'CALDONO', 1, 170);
INSERT INTO MUNICIPIO (MUNI_CODI, DPTO_CODI, MUNI_NOMB, ID_CONT, ID_PAIS) values (142,19,'CALOTO', 1, 170);
INSERT INTO MUNICIPIO (MUNI_CODI, DPTO_CODI, MUNI_NOMB, ID_CONT, ID_PAIS) values (212,19,'CORINTO', 1, 170);
INSERT INTO MUNICIPIO (MUNI_CODI, DPTO_CODI, MUNI_NOMB, ID_CONT, ID_PAIS) values (256,19,'EL TAMBO', 1, 170);
INSERT INTO MUNICIPIO (MUNI_CODI, DPTO_CODI, MUNI_NOMB, ID_CONT, ID_PAIS) values (290,19,'FLORENCIA', 1, 170);
INSERT INTO MUNICIPIO (MUNI_CODI, DPTO_CODI, MUNI_NOMB, ID_CONT, ID_PAIS) values (318,19,'GUAPI', 1, 170);
INSERT INTO MUNICIPIO (MUNI_CODI, DPTO_CODI, MUNI_NOMB, ID_CONT, ID_PAIS) values (355,19,'INZA', 1, 170);
INSERT INTO MUNICIPIO (MUNI_CODI, DPTO_CODI, MUNI_NOMB, ID_CONT, ID_PAIS) values (364,19,'JAMBALO', 1, 170);
INSERT INTO MUNICIPIO (MUNI_CODI, DPTO_CODI, MUNI_NOMB, ID_CONT, ID_PAIS) values (392,19,'LA SIERRA', 1, 170);
INSERT INTO MUNICIPIO (MUNI_CODI, DPTO_CODI, MUNI_NOMB, ID_CONT, ID_PAIS) values (397,19,'LA VEGA', 1, 170);
INSERT INTO MUNICIPIO (MUNI_CODI, DPTO_CODI, MUNI_NOMB, ID_CONT, ID_PAIS) values (418,19,'LOPEZ', 1, 170);
INSERT INTO MUNICIPIO (MUNI_CODI, DPTO_CODI, MUNI_NOMB, ID_CONT, ID_PAIS) values (450,19,'MERCADERES', 1, 170);
INSERT INTO MUNICIPIO (MUNI_CODI, DPTO_CODI, MUNI_NOMB, ID_CONT, ID_PAIS) values (455,19,'MIRANDA', 1, 170);
INSERT INTO MUNICIPIO (MUNI_CODI, DPTO_CODI, MUNI_NOMB, ID_CONT, ID_PAIS) values (473,19,'MORALES', 1, 170);
INSERT INTO MUNICIPIO (MUNI_CODI, DPTO_CODI, MUNI_NOMB, ID_CONT, ID_PAIS) values (513,19,'PADILLA', 1, 170);
INSERT INTO MUNICIPIO (MUNI_CODI, DPTO_CODI, MUNI_NOMB, ID_CONT, ID_PAIS) values (517,19,'PAEZ', 1, 170);
INSERT INTO MUNICIPIO (MUNI_CODI, DPTO_CODI, MUNI_NOMB, ID_CONT, ID_PAIS) values (532,19,'PATIA (EL BORDO)', 1, 170);
INSERT INTO MUNICIPIO (MUNI_CODI, DPTO_CODI, MUNI_NOMB, ID_CONT, ID_PAIS) values (533,19,'PIAMONTE', 1, 170);
INSERT INTO MUNICIPIO (MUNI_CODI, DPTO_CODI, MUNI_NOMB, ID_CONT, ID_PAIS) values (548,19,'PIENDAMO', 1, 170);
INSERT INTO MUNICIPIO (MUNI_CODI, DPTO_CODI, MUNI_NOMB, ID_CONT, ID_PAIS) values (573,19,'PUERTO TEJADA', 1, 170);
INSERT INTO MUNICIPIO (MUNI_CODI, DPTO_CODI, MUNI_NOMB, ID_CONT, ID_PAIS) values (585,19,'PURACE', 1, 170);
INSERT INTO MUNICIPIO (MUNI_CODI, DPTO_CODI, MUNI_NOMB, ID_CONT, ID_PAIS) values (622,19,'ROSAS', 1, 170);
INSERT INTO MUNICIPIO (MUNI_CODI, DPTO_CODI, MUNI_NOMB, ID_CONT, ID_PAIS) values (693,19,'SAN SEBASTIAN', 1, 170);
INSERT INTO MUNICIPIO (MUNI_CODI, DPTO_CODI, MUNI_NOMB, ID_CONT, ID_PAIS) values (698,19,'SANTANDER DE QUILICHAO', 1, 170);
INSERT INTO MUNICIPIO (MUNI_CODI, DPTO_CODI, MUNI_NOMB, ID_CONT, ID_PAIS) values (701,19,'SANTA ROSA', 1, 170);
INSERT INTO MUNICIPIO (MUNI_CODI, DPTO_CODI, MUNI_NOMB, ID_CONT, ID_PAIS) values (743,19,'SILVIA', 1, 170);
INSERT INTO MUNICIPIO (MUNI_CODI, DPTO_CODI, MUNI_NOMB, ID_CONT, ID_PAIS) values (760,19,'SOTARA', 1, 170);
INSERT INTO MUNICIPIO (MUNI_CODI, DPTO_CODI, MUNI_NOMB, ID_CONT, ID_PAIS) values (780,19,'SUAREZ', 1, 170);
INSERT INTO MUNICIPIO (MUNI_CODI, DPTO_CODI, MUNI_NOMB, ID_CONT, ID_PAIS) values (785,19,'SUCRE', 1, 170);
INSERT INTO MUNICIPIO (MUNI_CODI, DPTO_CODI, MUNI_NOMB, ID_CONT, ID_PAIS) values (807,19,'TIMBIO', 1, 170);
INSERT INTO MUNICIPIO (MUNI_CODI, DPTO_CODI, MUNI_NOMB, ID_CONT, ID_PAIS) values (809,19,'TIMBIQUI', 1, 170);
INSERT INTO MUNICIPIO (MUNI_CODI, DPTO_CODI, MUNI_NOMB, ID_CONT, ID_PAIS) values (821,19,'TORIBIO', 1, 170);
INSERT INTO MUNICIPIO (MUNI_CODI, DPTO_CODI, MUNI_NOMB, ID_CONT, ID_PAIS) values (824,19,'TOTORO', 1, 170);
INSERT INTO MUNICIPIO (MUNI_CODI, DPTO_CODI, MUNI_NOMB, ID_CONT, ID_PAIS) values (845,19,'VILLA RICA', 1, 170);
INSERT INTO MUNICIPIO (MUNI_CODI, DPTO_CODI, MUNI_NOMB, ID_CONT, ID_PAIS) values (1,20,'VALLEDUPAR', 1, 170);
INSERT INTO MUNICIPIO (MUNI_CODI, DPTO_CODI, MUNI_NOMB, ID_CONT, ID_PAIS) values (11,20,'AGUACHICA', 1, 170);
INSERT INTO MUNICIPIO (MUNI_CODI, DPTO_CODI, MUNI_NOMB, ID_CONT, ID_PAIS) values (13,20,'AGUSTIN CODAZZI', 1, 170);
INSERT INTO MUNICIPIO (MUNI_CODI, DPTO_CODI, MUNI_NOMB, ID_CONT, ID_PAIS) values (32,20,'ASTREA', 1, 170);
INSERT INTO MUNICIPIO (MUNI_CODI, DPTO_CODI, MUNI_NOMB, ID_CONT, ID_PAIS) values (45,20,'BECERRIL', 1, 170);
INSERT INTO MUNICIPIO (MUNI_CODI, DPTO_CODI, MUNI_NOMB, ID_CONT, ID_PAIS) values (60,20,'BOSCONIA', 1, 170);
INSERT INTO MUNICIPIO (MUNI_CODI, DPTO_CODI, MUNI_NOMB, ID_CONT, ID_PAIS) values (175,20,'CHIMICHAGUA', 1, 170);
INSERT INTO MUNICIPIO (MUNI_CODI, DPTO_CODI, MUNI_NOMB, ID_CONT, ID_PAIS) values (178,20,'CHIRIGUANA', 1, 170);
INSERT INTO MUNICIPIO (MUNI_CODI, DPTO_CODI, MUNI_NOMB, ID_CONT, ID_PAIS) values (228,20,'CURUMANI', 1, 170);
INSERT INTO MUNICIPIO (MUNI_CODI, DPTO_CODI, MUNI_NOMB, ID_CONT, ID_PAIS) values (238,20,'EL COPEY', 1, 170);
INSERT INTO MUNICIPIO (MUNI_CODI, DPTO_CODI, MUNI_NOMB, ID_CONT, ID_PAIS) values (250,20,'EL PASO', 1, 170);
INSERT INTO MUNICIPIO (MUNI_CODI, DPTO_CODI, MUNI_NOMB, ID_CONT, ID_PAIS) values (295,20,'GAMARRA', 1, 170);
INSERT INTO MUNICIPIO (MUNI_CODI, DPTO_CODI, MUNI_NOMB, ID_CONT, ID_PAIS) values (310,20,'GONZALEZ', 1, 170);
INSERT INTO MUNICIPIO (MUNI_CODI, DPTO_CODI, MUNI_NOMB, ID_CONT, ID_PAIS) values (383,20,'LA GLORIA', 1, 170);
INSERT INTO MUNICIPIO (MUNI_CODI, DPTO_CODI, MUNI_NOMB, ID_CONT, ID_PAIS) values (400,20,'LA JAGUA DE IBIRICO', 1, 170);
INSERT INTO MUNICIPIO (MUNI_CODI, DPTO_CODI, MUNI_NOMB, ID_CONT, ID_PAIS) values (443,20,'MANAURE BALCON DL CESAR', 1, 170);
INSERT INTO MUNICIPIO (MUNI_CODI, DPTO_CODI, MUNI_NOMB, ID_CONT, ID_PAIS) values (517,20,'PAILITAS', 1, 170);
INSERT INTO MUNICIPIO (MUNI_CODI, DPTO_CODI, MUNI_NOMB, ID_CONT, ID_PAIS) values (550,20,'PELAYA', 1, 170);
INSERT INTO MUNICIPIO (MUNI_CODI, DPTO_CODI, MUNI_NOMB, ID_CONT, ID_PAIS) values (570,20,'PUEBLO BELLO', 1, 170);
INSERT INTO MUNICIPIO (MUNI_CODI, DPTO_CODI, MUNI_NOMB, ID_CONT, ID_PAIS) values (614,20,'RIO DE ORO', 1, 170);
INSERT INTO MUNICIPIO (MUNI_CODI, DPTO_CODI, MUNI_NOMB, ID_CONT, ID_PAIS) values (621,20,'LA PAZ', 1, 170);
INSERT INTO MUNICIPIO (MUNI_CODI, DPTO_CODI, MUNI_NOMB, ID_CONT, ID_PAIS) values (710,20,'SAN ALBERTO', 1, 170);
INSERT INTO MUNICIPIO (MUNI_CODI, DPTO_CODI, MUNI_NOMB, ID_CONT, ID_PAIS) values (750,20,'SAN DIEGO', 1, 170);
INSERT INTO MUNICIPIO (MUNI_CODI, DPTO_CODI, MUNI_NOMB, ID_CONT, ID_PAIS) values (770,20,'SAN MARTIN', 1, 170);
INSERT INTO MUNICIPIO (MUNI_CODI, DPTO_CODI, MUNI_NOMB, ID_CONT, ID_PAIS) values (787,20,'TAMALAMEQUE', 1, 170);
INSERT INTO MUNICIPIO (MUNI_CODI, DPTO_CODI, MUNI_NOMB, ID_CONT, ID_PAIS) values (1,23,'MONTERIA', 1, 170);
INSERT INTO MUNICIPIO (MUNI_CODI, DPTO_CODI, MUNI_NOMB, ID_CONT, ID_PAIS) values (68,23,'AYAPEL', 1, 170);
INSERT INTO MUNICIPIO (MUNI_CODI, DPTO_CODI, MUNI_NOMB, ID_CONT, ID_PAIS) values (79,23,'BUENAVISTA', 1, 170);
INSERT INTO MUNICIPIO (MUNI_CODI, DPTO_CODI, MUNI_NOMB, ID_CONT, ID_PAIS) values (90,23,'CANALETE', 1, 170);
INSERT INTO MUNICIPIO (MUNI_CODI, DPTO_CODI, MUNI_NOMB, ID_CONT, ID_PAIS) values (162,23,'CERETE', 1, 170);
INSERT INTO MUNICIPIO (MUNI_CODI, DPTO_CODI, MUNI_NOMB, ID_CONT, ID_PAIS) values (168,23,'CHIMA', 1, 170);
INSERT INTO MUNICIPIO (MUNI_CODI, DPTO_CODI, MUNI_NOMB, ID_CONT, ID_PAIS) values (182,23,'CHINU', 1, 170);
INSERT INTO MUNICIPIO (MUNI_CODI, DPTO_CODI, MUNI_NOMB, ID_CONT, ID_PAIS) values (189,23,'CIENAGA DE ORO', 1, 170);
INSERT INTO MUNICIPIO (MUNI_CODI, DPTO_CODI, MUNI_NOMB, ID_CONT, ID_PAIS) values (300,23,'COTORRA', 1, 170);
INSERT INTO MUNICIPIO (MUNI_CODI, DPTO_CODI, MUNI_NOMB, ID_CONT, ID_PAIS) values (350,23,'LA APARTADA', 1, 170);
INSERT INTO MUNICIPIO (MUNI_CODI, DPTO_CODI, MUNI_NOMB, ID_CONT, ID_PAIS) values (417,23,'LORICA', 1, 170);
INSERT INTO MUNICIPIO (MUNI_CODI, DPTO_CODI, MUNI_NOMB, ID_CONT, ID_PAIS) values (419,23,'LOS CORDOBAS', 1, 170);
INSERT INTO MUNICIPIO (MUNI_CODI, DPTO_CODI, MUNI_NOMB, ID_CONT, ID_PAIS) values (464,23,'MOMIL', 1, 170);
INSERT INTO MUNICIPIO (MUNI_CODI, DPTO_CODI, MUNI_NOMB, ID_CONT, ID_PAIS) values (466,23,'MONTELIBANO', 1, 170);
INSERT INTO MUNICIPIO (MUNI_CODI, DPTO_CODI, MUNI_NOMB, ID_CONT, ID_PAIS) values (500,23,'MOÑITOS', 1, 170);
INSERT INTO MUNICIPIO (MUNI_CODI, DPTO_CODI, MUNI_NOMB, ID_CONT, ID_PAIS) values (555,23,'PLANETA RICA', 1, 170);
INSERT INTO MUNICIPIO (MUNI_CODI, DPTO_CODI, MUNI_NOMB, ID_CONT, ID_PAIS) values (570,23,'PUEBLO NUEVO', 1, 170);
INSERT INTO MUNICIPIO (MUNI_CODI, DPTO_CODI, MUNI_NOMB, ID_CONT, ID_PAIS) values (574,23,'PUERTO ESCONDIDO', 1, 170);
INSERT INTO MUNICIPIO (MUNI_CODI, DPTO_CODI, MUNI_NOMB, ID_CONT, ID_PAIS) values (580,23,'PUERTO LIBERTADOR', 1, 170);
INSERT INTO MUNICIPIO (MUNI_CODI, DPTO_CODI, MUNI_NOMB, ID_CONT, ID_PAIS) values (586,23,'PURISIMA', 1, 170);
INSERT INTO MUNICIPIO (MUNI_CODI, DPTO_CODI, MUNI_NOMB, ID_CONT, ID_PAIS) values (660,23,'SAHAGUN', 1, 170);
INSERT INTO MUNICIPIO (MUNI_CODI, DPTO_CODI, MUNI_NOMB, ID_CONT, ID_PAIS) values (670,23,'SAN ANDRES SOTAVENTO', 1, 170);
INSERT INTO MUNICIPIO (MUNI_CODI, DPTO_CODI, MUNI_NOMB, ID_CONT, ID_PAIS) values (672,23,'SAN ANTERO', 1, 170);
INSERT INTO MUNICIPIO (MUNI_CODI, DPTO_CODI, MUNI_NOMB, ID_CONT, ID_PAIS) values (675,23,'SAN BERNARDO DEL VIENTO', 1, 170);
INSERT INTO MUNICIPIO (MUNI_CODI, DPTO_CODI, MUNI_NOMB, ID_CONT, ID_PAIS) values (678,23,'SAN CARLOS', 1, 170);
INSERT INTO MUNICIPIO (MUNI_CODI, DPTO_CODI, MUNI_NOMB, ID_CONT, ID_PAIS) values (686,23,'SAN PELAYO', 1, 170);
INSERT INTO MUNICIPIO (MUNI_CODI, DPTO_CODI, MUNI_NOMB, ID_CONT, ID_PAIS) values (807,23,'TIERRALTA', 1, 170);
INSERT INTO MUNICIPIO (MUNI_CODI, DPTO_CODI, MUNI_NOMB, ID_CONT, ID_PAIS) values (855,23,'VALENCIA', 1, 170);
INSERT INTO MUNICIPIO (MUNI_CODI, DPTO_CODI, MUNI_NOMB, ID_CONT, ID_PAIS) values (1,25,'AGUA DE DIOS', 1, 170);
INSERT INTO MUNICIPIO (MUNI_CODI, DPTO_CODI, MUNI_NOMB, ID_CONT, ID_PAIS) values (19,25,'ALBAN', 1, 170);
INSERT INTO MUNICIPIO (MUNI_CODI, DPTO_CODI, MUNI_NOMB, ID_CONT, ID_PAIS) values (35,25,'ANAPOIMA', 1, 170);
INSERT INTO MUNICIPIO (MUNI_CODI, DPTO_CODI, MUNI_NOMB, ID_CONT, ID_PAIS) values (40,25,'ANOLAIMA', 1, 170);
INSERT INTO MUNICIPIO (MUNI_CODI, DPTO_CODI, MUNI_NOMB, ID_CONT, ID_PAIS) values (53,25,'ARBELAEZ', 1, 170);
INSERT INTO MUNICIPIO (MUNI_CODI, DPTO_CODI, MUNI_NOMB, ID_CONT, ID_PAIS) values (86,25,'BELTRAN', 1, 170);
INSERT INTO MUNICIPIO (MUNI_CODI, DPTO_CODI, MUNI_NOMB, ID_CONT, ID_PAIS) values (95,25,'BITUIMA', 1, 170);
INSERT INTO MUNICIPIO (MUNI_CODI, DPTO_CODI, MUNI_NOMB, ID_CONT, ID_PAIS) values (99,25,'BOJACA', 1, 170);
INSERT INTO MUNICIPIO (MUNI_CODI, DPTO_CODI, MUNI_NOMB, ID_CONT, ID_PAIS) values (120,25,'CABRERA', 1, 170);
INSERT INTO MUNICIPIO (MUNI_CODI, DPTO_CODI, MUNI_NOMB, ID_CONT, ID_PAIS) values (123,25,'CACHIPAY', 1, 170);
INSERT INTO MUNICIPIO (MUNI_CODI, DPTO_CODI, MUNI_NOMB, ID_CONT, ID_PAIS) values (126,25,'CAJICA', 1, 170);
INSERT INTO MUNICIPIO (MUNI_CODI, DPTO_CODI, MUNI_NOMB, ID_CONT, ID_PAIS) values (148,25,'CAPARRAPI', 1, 170);
INSERT INTO MUNICIPIO (MUNI_CODI, DPTO_CODI, MUNI_NOMB, ID_CONT, ID_PAIS) values (151,25,'CAQUEZA', 1, 170);
INSERT INTO MUNICIPIO (MUNI_CODI, DPTO_CODI, MUNI_NOMB, ID_CONT, ID_PAIS) values (154,25,'CARMEN DE CARUPA', 1, 170);
INSERT INTO MUNICIPIO (MUNI_CODI, DPTO_CODI, MUNI_NOMB, ID_CONT, ID_PAIS) values (168,25,'CHAGUANI', 1, 170);
INSERT INTO MUNICIPIO (MUNI_CODI, DPTO_CODI, MUNI_NOMB, ID_CONT, ID_PAIS) values (175,25,'CHIA', 1, 170);
INSERT INTO MUNICIPIO (MUNI_CODI, DPTO_CODI, MUNI_NOMB, ID_CONT, ID_PAIS) values (178,25,'CHIPAQUE', 1, 170);
INSERT INTO MUNICIPIO (MUNI_CODI, DPTO_CODI, MUNI_NOMB, ID_CONT, ID_PAIS) values (181,25,'CHOACHI', 1, 170);
INSERT INTO MUNICIPIO (MUNI_CODI, DPTO_CODI, MUNI_NOMB, ID_CONT, ID_PAIS) values (183,25,'CHOCONTA', 1, 170);
INSERT INTO MUNICIPIO (MUNI_CODI, DPTO_CODI, MUNI_NOMB, ID_CONT, ID_PAIS) values (200,25,'COGUA', 1, 170);
INSERT INTO MUNICIPIO (MUNI_CODI, DPTO_CODI, MUNI_NOMB, ID_CONT, ID_PAIS) values (214,25,'COTA', 1, 170);
INSERT INTO MUNICIPIO (MUNI_CODI, DPTO_CODI, MUNI_NOMB, ID_CONT, ID_PAIS) values (224,25,'CUCUNUBA', 1, 170);
INSERT INTO MUNICIPIO (MUNI_CODI, DPTO_CODI, MUNI_NOMB, ID_CONT, ID_PAIS) values (245,25,'EL COLEGIO', 1, 170);
INSERT INTO MUNICIPIO (MUNI_CODI, DPTO_CODI, MUNI_NOMB, ID_CONT, ID_PAIS) values (258,25,'EL PENON', 1, 170);
INSERT INTO MUNICIPIO (MUNI_CODI, DPTO_CODI, MUNI_NOMB, ID_CONT, ID_PAIS) values (260,25,'EL ROSAL', 1, 170);
INSERT INTO MUNICIPIO (MUNI_CODI, DPTO_CODI, MUNI_NOMB, ID_CONT, ID_PAIS) values (269,25,'FACATATIVA', 1, 170);
INSERT INTO MUNICIPIO (MUNI_CODI, DPTO_CODI, MUNI_NOMB, ID_CONT, ID_PAIS) values (279,25,'FOMEQUE', 1, 170);
INSERT INTO MUNICIPIO (MUNI_CODI, DPTO_CODI, MUNI_NOMB, ID_CONT, ID_PAIS) values (281,25,'FOSCA', 1, 170);
INSERT INTO MUNICIPIO (MUNI_CODI, DPTO_CODI, MUNI_NOMB, ID_CONT, ID_PAIS) values (286,25,'FUNZA', 1, 170);
INSERT INTO MUNICIPIO (MUNI_CODI, DPTO_CODI, MUNI_NOMB, ID_CONT, ID_PAIS) values (288,25,'FUQUENE', 1, 170);
INSERT INTO MUNICIPIO (MUNI_CODI, DPTO_CODI, MUNI_NOMB, ID_CONT, ID_PAIS) values (290,25,'FUSAGASUGA', 1, 170);
INSERT INTO MUNICIPIO (MUNI_CODI, DPTO_CODI, MUNI_NOMB, ID_CONT, ID_PAIS) values (293,25,'GACHALA', 1, 170);
INSERT INTO MUNICIPIO (MUNI_CODI, DPTO_CODI, MUNI_NOMB, ID_CONT, ID_PAIS) values (295,25,'GACHANCIPA', 1, 170);
INSERT INTO MUNICIPIO (MUNI_CODI, DPTO_CODI, MUNI_NOMB, ID_CONT, ID_PAIS) values (297,25,'GACHETA', 1, 170);
INSERT INTO MUNICIPIO (MUNI_CODI, DPTO_CODI, MUNI_NOMB, ID_CONT, ID_PAIS) values (299,25,'GAMA', 1, 170);
INSERT INTO MUNICIPIO (MUNI_CODI, DPTO_CODI, MUNI_NOMB, ID_CONT, ID_PAIS) values (307,25,'GIRARDOT', 1, 170);
INSERT INTO MUNICIPIO (MUNI_CODI, DPTO_CODI, MUNI_NOMB, ID_CONT, ID_PAIS) values (312,25,'GRANADA', 1, 170);
INSERT INTO MUNICIPIO (MUNI_CODI, DPTO_CODI, MUNI_NOMB, ID_CONT, ID_PAIS) values (317,25,'GUACHETA', 1, 170);
INSERT INTO MUNICIPIO (MUNI_CODI, DPTO_CODI, MUNI_NOMB, ID_CONT, ID_PAIS) values (320,25,'GUADUAS', 1, 170);
INSERT INTO MUNICIPIO (MUNI_CODI, DPTO_CODI, MUNI_NOMB, ID_CONT, ID_PAIS) values (322,25,'GUASCA', 1, 170);
INSERT INTO MUNICIPIO (MUNI_CODI, DPTO_CODI, MUNI_NOMB, ID_CONT, ID_PAIS) values (324,25,'GUATAQUI', 1, 170);
INSERT INTO MUNICIPIO (MUNI_CODI, DPTO_CODI, MUNI_NOMB, ID_CONT, ID_PAIS) values (326,25,'GUATAVITA', 1, 170);
INSERT INTO MUNICIPIO (MUNI_CODI, DPTO_CODI, MUNI_NOMB, ID_CONT, ID_PAIS) values (328,25,'GUAYABAL DE SIQUIMA', 1, 170);
INSERT INTO MUNICIPIO (MUNI_CODI, DPTO_CODI, MUNI_NOMB, ID_CONT, ID_PAIS) values (335,25,'GUAYABETAL', 1, 170);
INSERT INTO MUNICIPIO (MUNI_CODI, DPTO_CODI, MUNI_NOMB, ID_CONT, ID_PAIS) values (339,25,'GUTIERREZ', 1, 170);
INSERT INTO MUNICIPIO (MUNI_CODI, DPTO_CODI, MUNI_NOMB, ID_CONT, ID_PAIS) values (368,25,'JERUSALEN', 1, 170);
INSERT INTO MUNICIPIO (MUNI_CODI, DPTO_CODI, MUNI_NOMB, ID_CONT, ID_PAIS) values (372,25,'JUNIN', 1, 170);
INSERT INTO MUNICIPIO (MUNI_CODI, DPTO_CODI, MUNI_NOMB, ID_CONT, ID_PAIS) values (377,25,'LA CALERA', 1, 170);
INSERT INTO MUNICIPIO (MUNI_CODI, DPTO_CODI, MUNI_NOMB, ID_CONT, ID_PAIS) values (386,25,'LA MESA', 1, 170);
INSERT INTO MUNICIPIO (MUNI_CODI, DPTO_CODI, MUNI_NOMB, ID_CONT, ID_PAIS) values (394,25,'LA PALMA', 1, 170);
INSERT INTO MUNICIPIO (MUNI_CODI, DPTO_CODI, MUNI_NOMB, ID_CONT, ID_PAIS) values (398,25,'LA PEÑA', 1, 170);
INSERT INTO MUNICIPIO (MUNI_CODI, DPTO_CODI, MUNI_NOMB, ID_CONT, ID_PAIS) values (402,25,'LA VEGA', 1, 170);
INSERT INTO MUNICIPIO (MUNI_CODI, DPTO_CODI, MUNI_NOMB, ID_CONT, ID_PAIS) values (407,25,'LENGUAZAQUE', 1, 170);
INSERT INTO MUNICIPIO (MUNI_CODI, DPTO_CODI, MUNI_NOMB, ID_CONT, ID_PAIS) values (426,25,'MACHETA', 1, 170);
INSERT INTO MUNICIPIO (MUNI_CODI, DPTO_CODI, MUNI_NOMB, ID_CONT, ID_PAIS) values (430,25,'MADRID', 1, 170);
INSERT INTO MUNICIPIO (MUNI_CODI, DPTO_CODI, MUNI_NOMB, ID_CONT, ID_PAIS) values (436,25,'MANTA', 1, 170);
INSERT INTO MUNICIPIO (MUNI_CODI, DPTO_CODI, MUNI_NOMB, ID_CONT, ID_PAIS) values (438,25,'MEDINA', 1, 170);
INSERT INTO MUNICIPIO (MUNI_CODI, DPTO_CODI, MUNI_NOMB, ID_CONT, ID_PAIS) values (473,25,'MOSQUERA', 1, 170);
INSERT INTO MUNICIPIO (MUNI_CODI, DPTO_CODI, MUNI_NOMB, ID_CONT, ID_PAIS) values (483,25,'NARIÑO', 1, 170);
INSERT INTO MUNICIPIO (MUNI_CODI, DPTO_CODI, MUNI_NOMB, ID_CONT, ID_PAIS) values (486,25,'NEMOCON', 1, 170);
INSERT INTO MUNICIPIO (MUNI_CODI, DPTO_CODI, MUNI_NOMB, ID_CONT, ID_PAIS) values (488,25,'NILO', 1, 170);
INSERT INTO MUNICIPIO (MUNI_CODI, DPTO_CODI, MUNI_NOMB, ID_CONT, ID_PAIS) values (489,25,'NIMAIMA', 1, 170);
INSERT INTO MUNICIPIO (MUNI_CODI, DPTO_CODI, MUNI_NOMB, ID_CONT, ID_PAIS) values (491,25,'NOCAIMA', 1, 170);
INSERT INTO MUNICIPIO (MUNI_CODI, DPTO_CODI, MUNI_NOMB, ID_CONT, ID_PAIS) values (506,25,'VENECIA', 1, 170);
INSERT INTO MUNICIPIO (MUNI_CODI, DPTO_CODI, MUNI_NOMB, ID_CONT, ID_PAIS) values (513,25,'PACHO', 1, 170);
INSERT INTO MUNICIPIO (MUNI_CODI, DPTO_CODI, MUNI_NOMB, ID_CONT, ID_PAIS) values (518,25,'PAIME', 1, 170);
INSERT INTO MUNICIPIO (MUNI_CODI, DPTO_CODI, MUNI_NOMB, ID_CONT, ID_PAIS) values (524,25,'PANDI', 1, 170);
INSERT INTO MUNICIPIO (MUNI_CODI, DPTO_CODI, MUNI_NOMB, ID_CONT, ID_PAIS) values (530,25,'PARATEBUENO', 1, 170);
INSERT INTO MUNICIPIO (MUNI_CODI, DPTO_CODI, MUNI_NOMB, ID_CONT, ID_PAIS) values (535,25,'PASCA', 1, 170);
INSERT INTO MUNICIPIO (MUNI_CODI, DPTO_CODI, MUNI_NOMB, ID_CONT, ID_PAIS) values (572,25,'PUERTO SALGAR', 1, 170);
INSERT INTO MUNICIPIO (MUNI_CODI, DPTO_CODI, MUNI_NOMB, ID_CONT, ID_PAIS) values (580,25,'PULI', 1, 170);
INSERT INTO MUNICIPIO (MUNI_CODI, DPTO_CODI, MUNI_NOMB, ID_CONT, ID_PAIS) values (592,25,'QUEBRADANEGRA', 1, 170);
INSERT INTO MUNICIPIO (MUNI_CODI, DPTO_CODI, MUNI_NOMB, ID_CONT, ID_PAIS) values (594,25,'QUETAME', 1, 170);
INSERT INTO MUNICIPIO (MUNI_CODI, DPTO_CODI, MUNI_NOMB, ID_CONT, ID_PAIS) values (596,25,'QUIPILE', 1, 170);
INSERT INTO MUNICIPIO (MUNI_CODI, DPTO_CODI, MUNI_NOMB, ID_CONT, ID_PAIS) values (599,25,'APULO', 1, 170);
INSERT INTO MUNICIPIO (MUNI_CODI, DPTO_CODI, MUNI_NOMB, ID_CONT, ID_PAIS) values (612,25,'RICAURTE', 1, 170);
INSERT INTO MUNICIPIO (MUNI_CODI, DPTO_CODI, MUNI_NOMB, ID_CONT, ID_PAIS) values (645,25,'S.ANTONIO TEQUENDAMA', 1, 170);
INSERT INTO MUNICIPIO (MUNI_CODI, DPTO_CODI, MUNI_NOMB, ID_CONT, ID_PAIS) values (649,25,'SAN BERNARDO', 1, 170);
INSERT INTO MUNICIPIO (MUNI_CODI, DPTO_CODI, MUNI_NOMB, ID_CONT, ID_PAIS) values (653,25,'SAN CAYETANO', 1, 170);
INSERT INTO MUNICIPIO (MUNI_CODI, DPTO_CODI, MUNI_NOMB, ID_CONT, ID_PAIS) values (658,25,'SAN FRANCISCO', 1, 170);
INSERT INTO MUNICIPIO (MUNI_CODI, DPTO_CODI, MUNI_NOMB, ID_CONT, ID_PAIS) values (662,25,'SAN JUAN DE RIO SECO', 1, 170);
INSERT INTO MUNICIPIO (MUNI_CODI, DPTO_CODI, MUNI_NOMB, ID_CONT, ID_PAIS) values (718,25,'SASAIMA', 1, 170);
INSERT INTO MUNICIPIO (MUNI_CODI, DPTO_CODI, MUNI_NOMB, ID_CONT, ID_PAIS) values (736,25,'SESQUILE', 1, 170);
INSERT INTO MUNICIPIO (MUNI_CODI, DPTO_CODI, MUNI_NOMB, ID_CONT, ID_PAIS) values (740,25,'SIBATE', 1, 170);
INSERT INTO MUNICIPIO (MUNI_CODI, DPTO_CODI, MUNI_NOMB, ID_CONT, ID_PAIS) values (743,25,'SILVANIA', 1, 170);
INSERT INTO MUNICIPIO (MUNI_CODI, DPTO_CODI, MUNI_NOMB, ID_CONT, ID_PAIS) values (745,25,'SIMIJACA', 1, 170);
INSERT INTO MUNICIPIO (MUNI_CODI, DPTO_CODI, MUNI_NOMB, ID_CONT, ID_PAIS) values (754,25,'SOACHA', 1, 170);
INSERT INTO MUNICIPIO (MUNI_CODI, DPTO_CODI, MUNI_NOMB, ID_CONT, ID_PAIS) values (758,25,'SOPO', 1, 170);
INSERT INTO MUNICIPIO (MUNI_CODI, DPTO_CODI, MUNI_NOMB, ID_CONT, ID_PAIS) values (769,25,'SUBACHOQUE', 1, 170);
INSERT INTO MUNICIPIO (MUNI_CODI, DPTO_CODI, MUNI_NOMB, ID_CONT, ID_PAIS) values (772,25,'SUESCA', 1, 170);
INSERT INTO MUNICIPIO (MUNI_CODI, DPTO_CODI, MUNI_NOMB, ID_CONT, ID_PAIS) values (777,25,'SUPATA', 1, 170);
INSERT INTO MUNICIPIO (MUNI_CODI, DPTO_CODI, MUNI_NOMB, ID_CONT, ID_PAIS) values (779,25,'SUSA', 1, 170);
INSERT INTO MUNICIPIO (MUNI_CODI, DPTO_CODI, MUNI_NOMB, ID_CONT, ID_PAIS) values (781,25,'SUTATAUSA', 1, 170);
INSERT INTO MUNICIPIO (MUNI_CODI, DPTO_CODI, MUNI_NOMB, ID_CONT, ID_PAIS) values (785,25,'TABIO', 1, 170);
INSERT INTO MUNICIPIO (MUNI_CODI, DPTO_CODI, MUNI_NOMB, ID_CONT, ID_PAIS) values (793,25,'TAUSA', 1, 170);
INSERT INTO MUNICIPIO (MUNI_CODI, DPTO_CODI, MUNI_NOMB, ID_CONT, ID_PAIS) values (797,25,'TENA', 1, 170);
INSERT INTO MUNICIPIO (MUNI_CODI, DPTO_CODI, MUNI_NOMB, ID_CONT, ID_PAIS) values (799,25,'TENJO', 1, 170);
INSERT INTO MUNICIPIO (MUNI_CODI, DPTO_CODI, MUNI_NOMB, ID_CONT, ID_PAIS) values (805,25,'TIBACUY', 1, 170);
INSERT INTO MUNICIPIO (MUNI_CODI, DPTO_CODI, MUNI_NOMB, ID_CONT, ID_PAIS) values (807,25,'TIBIRITA', 1, 170);
INSERT INTO MUNICIPIO (MUNI_CODI, DPTO_CODI, MUNI_NOMB, ID_CONT, ID_PAIS) values (815,25,'TOCAIMA', 1, 170);
INSERT INTO MUNICIPIO (MUNI_CODI, DPTO_CODI, MUNI_NOMB, ID_CONT, ID_PAIS) values (817,25,'TOCANCIPA', 1, 170);
INSERT INTO MUNICIPIO (MUNI_CODI, DPTO_CODI, MUNI_NOMB, ID_CONT, ID_PAIS) values (823,25,'TOPAIPI', 1, 170);
INSERT INTO MUNICIPIO (MUNI_CODI, DPTO_CODI, MUNI_NOMB, ID_CONT, ID_PAIS) values (839,25,'UBALA', 1, 170);
INSERT INTO MUNICIPIO (MUNI_CODI, DPTO_CODI, MUNI_NOMB, ID_CONT, ID_PAIS) values (841,25,'UBAQUE', 1, 170);
INSERT INTO MUNICIPIO (MUNI_CODI, DPTO_CODI, MUNI_NOMB, ID_CONT, ID_PAIS) values (843,25,'UBATE', 1, 170);
INSERT INTO MUNICIPIO (MUNI_CODI, DPTO_CODI, MUNI_NOMB, ID_CONT, ID_PAIS) values (845,25,'UNE', 1, 170);
INSERT INTO MUNICIPIO (MUNI_CODI, DPTO_CODI, MUNI_NOMB, ID_CONT, ID_PAIS) values (851,25,'UTICA', 1, 170);
INSERT INTO MUNICIPIO (MUNI_CODI, DPTO_CODI, MUNI_NOMB, ID_CONT, ID_PAIS) values (862,25,'VERGARA', 1, 170);
INSERT INTO MUNICIPIO (MUNI_CODI, DPTO_CODI, MUNI_NOMB, ID_CONT, ID_PAIS) values (867,25,'VIANI', 1, 170);
INSERT INTO MUNICIPIO (MUNI_CODI, DPTO_CODI, MUNI_NOMB, ID_CONT, ID_PAIS) values (871,25,'VILLAGOMEZ', 1, 170);
INSERT INTO MUNICIPIO (MUNI_CODI, DPTO_CODI, MUNI_NOMB, ID_CONT, ID_PAIS) values (873,25,'VILLAPINZON', 1, 170);
INSERT INTO MUNICIPIO (MUNI_CODI, DPTO_CODI, MUNI_NOMB, ID_CONT, ID_PAIS) values (875,25,'VILLETA', 1, 170);
INSERT INTO MUNICIPIO (MUNI_CODI, DPTO_CODI, MUNI_NOMB, ID_CONT, ID_PAIS) values (878,25,'VIOTA', 1, 170);
INSERT INTO MUNICIPIO (MUNI_CODI, DPTO_CODI, MUNI_NOMB, ID_CONT, ID_PAIS) values (885,25,'YACOPI', 1, 170);
INSERT INTO MUNICIPIO (MUNI_CODI, DPTO_CODI, MUNI_NOMB, ID_CONT, ID_PAIS) values (898,25,'ZIPACON', 1, 170);
INSERT INTO MUNICIPIO (MUNI_CODI, DPTO_CODI, MUNI_NOMB, ID_CONT, ID_PAIS) values (899,25,'ZIPAQUIRA', 1, 170);
INSERT INTO MUNICIPIO (MUNI_CODI, DPTO_CODI, MUNI_NOMB, ID_CONT, ID_PAIS) values (1,27,'QUIBDO', 1, 170);
INSERT INTO MUNICIPIO (MUNI_CODI, DPTO_CODI, MUNI_NOMB, ID_CONT, ID_PAIS) values (6,27,'ACANDI', 1, 170);
INSERT INTO MUNICIPIO (MUNI_CODI, DPTO_CODI, MUNI_NOMB, ID_CONT, ID_PAIS) values (25,27,'ALTO BAUDO', 1, 170);
INSERT INTO MUNICIPIO (MUNI_CODI, DPTO_CODI, MUNI_NOMB, ID_CONT, ID_PAIS) values (50,27,'ATRATO', 1, 170);
INSERT INTO MUNICIPIO (MUNI_CODI, DPTO_CODI, MUNI_NOMB, ID_CONT, ID_PAIS) values (73,27,'BAGADO', 1, 170);
INSERT INTO MUNICIPIO (MUNI_CODI, DPTO_CODI, MUNI_NOMB, ID_CONT, ID_PAIS) values (75,27,'BAHIA SOLANO', 1, 170);
INSERT INTO MUNICIPIO (MUNI_CODI, DPTO_CODI, MUNI_NOMB, ID_CONT, ID_PAIS) values (77,27,'BAJO BAUDO', 1, 170);
INSERT INTO MUNICIPIO (MUNI_CODI, DPTO_CODI, MUNI_NOMB, ID_CONT, ID_PAIS) values (99,27,'BOJAYA', 1, 170);
INSERT INTO MUNICIPIO (MUNI_CODI, DPTO_CODI, MUNI_NOMB, ID_CONT, ID_PAIS) values (135,27,'CANTON DEL SAN PABLO', 1, 170);
INSERT INTO MUNICIPIO (MUNI_CODI, DPTO_CODI, MUNI_NOMB, ID_CONT, ID_PAIS) values (160,27,'CERTEGUI', 1, 170);
INSERT INTO MUNICIPIO (MUNI_CODI, DPTO_CODI, MUNI_NOMB, ID_CONT, ID_PAIS) values (205,27,'CONDOTO', 1, 170);
INSERT INTO MUNICIPIO (MUNI_CODI, DPTO_CODI, MUNI_NOMB, ID_CONT, ID_PAIS) values (245,27,'EL CARMEN', 1, 170);
INSERT INTO MUNICIPIO (MUNI_CODI, DPTO_CODI, MUNI_NOMB, ID_CONT, ID_PAIS) values (250,27,'EL LITORAL DEL SAN JUAN', 1, 170);
INSERT INTO MUNICIPIO (MUNI_CODI, DPTO_CODI, MUNI_NOMB, ID_CONT, ID_PAIS) values (361,27,'ITSMINA', 1, 170);
INSERT INTO MUNICIPIO (MUNI_CODI, DPTO_CODI, MUNI_NOMB, ID_CONT, ID_PAIS) values (372,27,'JURADO', 1, 170);
INSERT INTO MUNICIPIO (MUNI_CODI, DPTO_CODI, MUNI_NOMB, ID_CONT, ID_PAIS) values (413,27,'LLORO', 1, 170);
INSERT INTO MUNICIPIO (MUNI_CODI, DPTO_CODI, MUNI_NOMB, ID_CONT, ID_PAIS) values (491,27,'NOVITA', 1, 170);
INSERT INTO MUNICIPIO (MUNI_CODI, DPTO_CODI, MUNI_NOMB, ID_CONT, ID_PAIS) values (495,27,'NUQUI', 1, 170);
INSERT INTO MUNICIPIO (MUNI_CODI, DPTO_CODI, MUNI_NOMB, ID_CONT, ID_PAIS) values (615,27,'RIOSUCIO', 1, 170);
INSERT INTO MUNICIPIO (MUNI_CODI, DPTO_CODI, MUNI_NOMB, ID_CONT, ID_PAIS) values (660,27,'SAN JOSE DEL PALMAR', 1, 170);
INSERT INTO MUNICIPIO (MUNI_CODI, DPTO_CODI, MUNI_NOMB, ID_CONT, ID_PAIS) values (745,27,'SIPI', 1, 170);
INSERT INTO MUNICIPIO (MUNI_CODI, DPTO_CODI, MUNI_NOMB, ID_CONT, ID_PAIS) values (787,27,'TADO', 1, 170);
INSERT INTO MUNICIPIO (MUNI_CODI, DPTO_CODI, MUNI_NOMB, ID_CONT, ID_PAIS) values (800,27,'UNGUIA', 1, 170);
INSERT INTO MUNICIPIO (MUNI_CODI, DPTO_CODI, MUNI_NOMB, ID_CONT, ID_PAIS) values (1,41,'NEIVA', 1, 170);
INSERT INTO MUNICIPIO (MUNI_CODI, DPTO_CODI, MUNI_NOMB, ID_CONT, ID_PAIS) values (6,41,'ACEVEDO', 1, 170);
INSERT INTO MUNICIPIO (MUNI_CODI, DPTO_CODI, MUNI_NOMB, ID_CONT, ID_PAIS) values (13,41,'AGRADO', 1, 170);
INSERT INTO MUNICIPIO (MUNI_CODI, DPTO_CODI, MUNI_NOMB, ID_CONT, ID_PAIS) values (16,41,'AIPE', 1, 170);
INSERT INTO MUNICIPIO (MUNI_CODI, DPTO_CODI, MUNI_NOMB, ID_CONT, ID_PAIS) values (20,41,'ALGECIRAS', 1, 170);
INSERT INTO MUNICIPIO (MUNI_CODI, DPTO_CODI, MUNI_NOMB, ID_CONT, ID_PAIS) values (26,41,'ALTAMIRA', 1, 170);
INSERT INTO MUNICIPIO (MUNI_CODI, DPTO_CODI, MUNI_NOMB, ID_CONT, ID_PAIS) values (78,41,'BARAYA', 1, 170);
INSERT INTO MUNICIPIO (MUNI_CODI, DPTO_CODI, MUNI_NOMB, ID_CONT, ID_PAIS) values (132,41,'CAMPOALEGRE', 1, 170);
INSERT INTO MUNICIPIO (MUNI_CODI, DPTO_CODI, MUNI_NOMB, ID_CONT, ID_PAIS) values (206,41,'COLOMBIA', 1, 170);
INSERT INTO MUNICIPIO (MUNI_CODI, DPTO_CODI, MUNI_NOMB, ID_CONT, ID_PAIS) values (244,41,'ELIAS', 1, 170);
INSERT INTO MUNICIPIO (MUNI_CODI, DPTO_CODI, MUNI_NOMB, ID_CONT, ID_PAIS) values (298,41,'GARZON', 1, 170);
INSERT INTO MUNICIPIO (MUNI_CODI, DPTO_CODI, MUNI_NOMB, ID_CONT, ID_PAIS) values (306,41,'GIGANTE', 1, 170);
INSERT INTO MUNICIPIO (MUNI_CODI, DPTO_CODI, MUNI_NOMB, ID_CONT, ID_PAIS) values (319,41,'GUADALUPE', 1, 170);
INSERT INTO MUNICIPIO (MUNI_CODI, DPTO_CODI, MUNI_NOMB, ID_CONT, ID_PAIS) values (349,41,'HOBO', 1, 170);
INSERT INTO MUNICIPIO (MUNI_CODI, DPTO_CODI, MUNI_NOMB, ID_CONT, ID_PAIS) values (357,41,'IQUIRA', 1, 170);
INSERT INTO MUNICIPIO (MUNI_CODI, DPTO_CODI, MUNI_NOMB, ID_CONT, ID_PAIS) values (359,41,'ISNOS', 1, 170);
INSERT INTO MUNICIPIO (MUNI_CODI, DPTO_CODI, MUNI_NOMB, ID_CONT, ID_PAIS) values (378,41,'LA ARGENTINA', 1, 170);
INSERT INTO MUNICIPIO (MUNI_CODI, DPTO_CODI, MUNI_NOMB, ID_CONT, ID_PAIS) values (396,41,'LA PLATA', 1, 170);
INSERT INTO MUNICIPIO (MUNI_CODI, DPTO_CODI, MUNI_NOMB, ID_CONT, ID_PAIS) values (483,41,'NATAGA', 1, 170);
INSERT INTO MUNICIPIO (MUNI_CODI, DPTO_CODI, MUNI_NOMB, ID_CONT, ID_PAIS) values (503,41,'OPORAPA', 1, 170);
INSERT INTO MUNICIPIO (MUNI_CODI, DPTO_CODI, MUNI_NOMB, ID_CONT, ID_PAIS) values (518,41,'PAICOL', 1, 170);
INSERT INTO MUNICIPIO (MUNI_CODI, DPTO_CODI, MUNI_NOMB, ID_CONT, ID_PAIS) values (524,41,'PALERMO', 1, 170);
INSERT INTO MUNICIPIO (MUNI_CODI, DPTO_CODI, MUNI_NOMB, ID_CONT, ID_PAIS) values (530,41,'PALESTINA', 1, 170);
INSERT INTO MUNICIPIO (MUNI_CODI, DPTO_CODI, MUNI_NOMB, ID_CONT, ID_PAIS) values (548,41,'PITAL', 1, 170);
INSERT INTO MUNICIPIO (MUNI_CODI, DPTO_CODI, MUNI_NOMB, ID_CONT, ID_PAIS) values (551,41,'PITALITO', 1, 170);
INSERT INTO MUNICIPIO (MUNI_CODI, DPTO_CODI, MUNI_NOMB, ID_CONT, ID_PAIS) values (615,41,'RIVERA', 1, 170);
INSERT INTO MUNICIPIO (MUNI_CODI, DPTO_CODI, MUNI_NOMB, ID_CONT, ID_PAIS) values (660,41,'SALADOBLANCO', 1, 170);
INSERT INTO MUNICIPIO (MUNI_CODI, DPTO_CODI, MUNI_NOMB, ID_CONT, ID_PAIS) values (668,41,'SAN AGUSTIN', 1, 170);
INSERT INTO MUNICIPIO (MUNI_CODI, DPTO_CODI, MUNI_NOMB, ID_CONT, ID_PAIS) values (676,41,'SANTA MARIA', 1, 170);
INSERT INTO MUNICIPIO (MUNI_CODI, DPTO_CODI, MUNI_NOMB, ID_CONT, ID_PAIS) values (770,41,'SUAZA', 1, 170);
INSERT INTO MUNICIPIO (MUNI_CODI, DPTO_CODI, MUNI_NOMB, ID_CONT, ID_PAIS) values (791,41,'TARQUI', 1, 170);
INSERT INTO MUNICIPIO (MUNI_CODI, DPTO_CODI, MUNI_NOMB, ID_CONT, ID_PAIS) values (797,41,'TESALIA', 1, 170);
INSERT INTO MUNICIPIO (MUNI_CODI, DPTO_CODI, MUNI_NOMB, ID_CONT, ID_PAIS) values (799,41,'TELLO', 1, 170);
INSERT INTO MUNICIPIO (MUNI_CODI, DPTO_CODI, MUNI_NOMB, ID_CONT, ID_PAIS) values (801,41,'TERUEL', 1, 170);
INSERT INTO MUNICIPIO (MUNI_CODI, DPTO_CODI, MUNI_NOMB, ID_CONT, ID_PAIS) values (807,41,'TIMANA', 1, 170);
INSERT INTO MUNICIPIO (MUNI_CODI, DPTO_CODI, MUNI_NOMB, ID_CONT, ID_PAIS) values (872,41,'VILLAVIEJA', 1, 170);
INSERT INTO MUNICIPIO (MUNI_CODI, DPTO_CODI, MUNI_NOMB, ID_CONT, ID_PAIS) values (885,41,'YAGUARA', 1, 170);
INSERT INTO MUNICIPIO (MUNI_CODI, DPTO_CODI, MUNI_NOMB, ID_CONT, ID_PAIS) values (1,44,'RIOHACHA', 1, 170);
INSERT INTO MUNICIPIO (MUNI_CODI, DPTO_CODI, MUNI_NOMB, ID_CONT, ID_PAIS) values (35,44,'ALBANIA', 1, 170);
INSERT INTO MUNICIPIO (MUNI_CODI, DPTO_CODI, MUNI_NOMB, ID_CONT, ID_PAIS) values (78,44,'BARRANCAS', 1, 170);
INSERT INTO MUNICIPIO (MUNI_CODI, DPTO_CODI, MUNI_NOMB, ID_CONT, ID_PAIS) values (90,44,'DIBULLA', 1, 170);
INSERT INTO MUNICIPIO (MUNI_CODI, DPTO_CODI, MUNI_NOMB, ID_CONT, ID_PAIS) values (98,44,'DISTRACCION', 1, 170);
INSERT INTO MUNICIPIO (MUNI_CODI, DPTO_CODI, MUNI_NOMB, ID_CONT, ID_PAIS) values (110,44,'EL MOLINO', 1, 170);
INSERT INTO MUNICIPIO (MUNI_CODI, DPTO_CODI, MUNI_NOMB, ID_CONT, ID_PAIS) values (279,44,'FONSECA', 1, 170);
INSERT INTO MUNICIPIO (MUNI_CODI, DPTO_CODI, MUNI_NOMB, ID_CONT, ID_PAIS) values (378,44,'HATONUEVO', 1, 170);
INSERT INTO MUNICIPIO (MUNI_CODI, DPTO_CODI, MUNI_NOMB, ID_CONT, ID_PAIS) values (420,44,'LA JAGUA DEL PILAR', 1, 170);
INSERT INTO MUNICIPIO (MUNI_CODI, DPTO_CODI, MUNI_NOMB, ID_CONT, ID_PAIS) values (430,44,'MAICAO', 1, 170);
INSERT INTO MUNICIPIO (MUNI_CODI, DPTO_CODI, MUNI_NOMB, ID_CONT, ID_PAIS) values (560,44,'MANAURE', 1, 170);
INSERT INTO MUNICIPIO (MUNI_CODI, DPTO_CODI, MUNI_NOMB, ID_CONT, ID_PAIS) values (650,44,'SAN JUAN DEL CESAR', 1, 170);
INSERT INTO MUNICIPIO (MUNI_CODI, DPTO_CODI, MUNI_NOMB, ID_CONT, ID_PAIS) values (847,44,'URIBIA', 1, 170);
INSERT INTO MUNICIPIO (MUNI_CODI, DPTO_CODI, MUNI_NOMB, ID_CONT, ID_PAIS) values (855,44,'URUMITA', 1, 170);
INSERT INTO MUNICIPIO (MUNI_CODI, DPTO_CODI, MUNI_NOMB, ID_CONT, ID_PAIS) values (874,44,'VILLANUEVA', 1, 170);
INSERT INTO MUNICIPIO (MUNI_CODI, DPTO_CODI, MUNI_NOMB, ID_CONT, ID_PAIS) values (1,47,'SANTAMARTA', 1, 170);
INSERT INTO MUNICIPIO (MUNI_CODI, DPTO_CODI, MUNI_NOMB, ID_CONT, ID_PAIS) values (53,47,'ARACATACA', 1, 170);
INSERT INTO MUNICIPIO (MUNI_CODI, DPTO_CODI, MUNI_NOMB, ID_CONT, ID_PAIS) values (58,47,'ARIGUANI', 1, 170);
INSERT INTO MUNICIPIO (MUNI_CODI, DPTO_CODI, MUNI_NOMB, ID_CONT, ID_PAIS) values (98,47,'ZONA BANANERA', 1, 170);
INSERT INTO MUNICIPIO (MUNI_CODI, DPTO_CODI, MUNI_NOMB, ID_CONT, ID_PAIS) values (161,47,'CERRO SAN ANTONIO', 1, 170);
INSERT INTO MUNICIPIO (MUNI_CODI, DPTO_CODI, MUNI_NOMB, ID_CONT, ID_PAIS) values (170,47,'CHIVOLO', 1, 170);
INSERT INTO MUNICIPIO (MUNI_CODI, DPTO_CODI, MUNI_NOMB, ID_CONT, ID_PAIS) values (189,47,'CIENAGA', 1, 170);
INSERT INTO MUNICIPIO (MUNI_CODI, DPTO_CODI, MUNI_NOMB, ID_CONT, ID_PAIS) values (245,47,'EL BANCO', 1, 170);
INSERT INTO MUNICIPIO (MUNI_CODI, DPTO_CODI, MUNI_NOMB, ID_CONT, ID_PAIS) values (258,47,'EL PIÑON', 1, 170);
INSERT INTO MUNICIPIO (MUNI_CODI, DPTO_CODI, MUNI_NOMB, ID_CONT, ID_PAIS) values (268,47,'EL RETEN', 1, 170);
INSERT INTO MUNICIPIO (MUNI_CODI, DPTO_CODI, MUNI_NOMB, ID_CONT, ID_PAIS) values (288,47,'FUNDACION', 1, 170);
INSERT INTO MUNICIPIO (MUNI_CODI, DPTO_CODI, MUNI_NOMB, ID_CONT, ID_PAIS) values (318,47,'GUAMAL', 1, 170);
INSERT INTO MUNICIPIO (MUNI_CODI, DPTO_CODI, MUNI_NOMB, ID_CONT, ID_PAIS) values (541,47,'PEDRAZA', 1, 170);
INSERT INTO MUNICIPIO (MUNI_CODI, DPTO_CODI, MUNI_NOMB, ID_CONT, ID_PAIS) values (545,47,'PIJIÑO DEL CARMEN', 1, 170);
INSERT INTO MUNICIPIO (MUNI_CODI, DPTO_CODI, MUNI_NOMB, ID_CONT, ID_PAIS) values (551,47,'PIVIJAY', 1, 170);
INSERT INTO MUNICIPIO (MUNI_CODI, DPTO_CODI, MUNI_NOMB, ID_CONT, ID_PAIS) values (555,47,'PLATO', 1, 170);
INSERT INTO MUNICIPIO (MUNI_CODI, DPTO_CODI, MUNI_NOMB, ID_CONT, ID_PAIS) values (570,47,'PUEBLOVIEJO', 1, 170);
INSERT INTO MUNICIPIO (MUNI_CODI, DPTO_CODI, MUNI_NOMB, ID_CONT, ID_PAIS) values (605,47,'REMOLINO', 1, 170);
INSERT INTO MUNICIPIO (MUNI_CODI, DPTO_CODI, MUNI_NOMB, ID_CONT, ID_PAIS) values (675,47,'SALAMINA', 1, 170);
INSERT INTO MUNICIPIO (MUNI_CODI, DPTO_CODI, MUNI_NOMB, ID_CONT, ID_PAIS) values (692,47,'SAN SEBASTIAN BUENAVISTA', 1, 170);
INSERT INTO MUNICIPIO (MUNI_CODI, DPTO_CODI, MUNI_NOMB, ID_CONT, ID_PAIS) values (703,47,'SAN ZENON', 1, 170);
INSERT INTO MUNICIPIO (MUNI_CODI, DPTO_CODI, MUNI_NOMB, ID_CONT, ID_PAIS) values (707,47,'SANTA ANA', 1, 170);
INSERT INTO MUNICIPIO (MUNI_CODI, DPTO_CODI, MUNI_NOMB, ID_CONT, ID_PAIS) values (745,47,'SITIONUEVO', 1, 170);
INSERT INTO MUNICIPIO (MUNI_CODI, DPTO_CODI, MUNI_NOMB, ID_CONT, ID_PAIS) values (798,47,'TENERIFE', 1, 170);
INSERT INTO MUNICIPIO (MUNI_CODI, DPTO_CODI, MUNI_NOMB, ID_CONT, ID_PAIS) values (999,47,'NUEVA GRANADA', 1, 170);
INSERT INTO MUNICIPIO (MUNI_CODI, DPTO_CODI, MUNI_NOMB, ID_CONT, ID_PAIS) values (1,50,'VILLAVICENCIO', 1, 170);
INSERT INTO MUNICIPIO (MUNI_CODI, DPTO_CODI, MUNI_NOMB, ID_CONT, ID_PAIS) values (6,50,'ACACIAS', 1, 170);
INSERT INTO MUNICIPIO (MUNI_CODI, DPTO_CODI, MUNI_NOMB, ID_CONT, ID_PAIS) values (110,50,'BARRANCA DE UPIA', 1, 170);
INSERT INTO MUNICIPIO (MUNI_CODI, DPTO_CODI, MUNI_NOMB, ID_CONT, ID_PAIS) values (124,50,'CABUYARO', 1, 170);
INSERT INTO MUNICIPIO (MUNI_CODI, DPTO_CODI, MUNI_NOMB, ID_CONT, ID_PAIS) values (150,50,'CASTILLA LA NUEVA', 1, 170);
INSERT INTO MUNICIPIO (MUNI_CODI, DPTO_CODI, MUNI_NOMB, ID_CONT, ID_PAIS) values (223,50,'CUBARRAL', 1, 170);
INSERT INTO MUNICIPIO (MUNI_CODI, DPTO_CODI, MUNI_NOMB, ID_CONT, ID_PAIS) values (226,50,'CUMARAL', 1, 170);
INSERT INTO MUNICIPIO (MUNI_CODI, DPTO_CODI, MUNI_NOMB, ID_CONT, ID_PAIS) values (245,50,'EL CALVARIO', 1, 170);
INSERT INTO MUNICIPIO (MUNI_CODI, DPTO_CODI, MUNI_NOMB, ID_CONT, ID_PAIS) values (251,50,'EL CASTILLO', 1, 170);
INSERT INTO MUNICIPIO (MUNI_CODI, DPTO_CODI, MUNI_NOMB, ID_CONT, ID_PAIS) values (270,50,'EL DORADO', 1, 170);
INSERT INTO MUNICIPIO (MUNI_CODI, DPTO_CODI, MUNI_NOMB, ID_CONT, ID_PAIS) values (287,50,'FUENTE DE ORO', 1, 170);
INSERT INTO MUNICIPIO (MUNI_CODI, DPTO_CODI, MUNI_NOMB, ID_CONT, ID_PAIS) values (313,50,'GRANADA', 1, 170);
INSERT INTO MUNICIPIO (MUNI_CODI, DPTO_CODI, MUNI_NOMB, ID_CONT, ID_PAIS) values (318,50,'GUAMAL', 1, 170);
INSERT INTO MUNICIPIO (MUNI_CODI, DPTO_CODI, MUNI_NOMB, ID_CONT, ID_PAIS) values (325,50,'MAPIRIPAN', 1, 170);
INSERT INTO MUNICIPIO (MUNI_CODI, DPTO_CODI, MUNI_NOMB, ID_CONT, ID_PAIS) values (330,50,'MESETAS', 1, 170);
INSERT INTO MUNICIPIO (MUNI_CODI, DPTO_CODI, MUNI_NOMB, ID_CONT, ID_PAIS) values (350,50,'LA MACARENA', 1, 170);
INSERT INTO MUNICIPIO (MUNI_CODI, DPTO_CODI, MUNI_NOMB, ID_CONT, ID_PAIS) values (370,50,'LA URIBE', 1, 170);
INSERT INTO MUNICIPIO (MUNI_CODI, DPTO_CODI, MUNI_NOMB, ID_CONT, ID_PAIS) values (400,50,'LEJANIAS', 1, 170);
INSERT INTO MUNICIPIO (MUNI_CODI, DPTO_CODI, MUNI_NOMB, ID_CONT, ID_PAIS) values (450,50,'PUERTO CONCORDIA', 1, 170);
INSERT INTO MUNICIPIO (MUNI_CODI, DPTO_CODI, MUNI_NOMB, ID_CONT, ID_PAIS) values (568,50,'PUERTO GAITAN', 1, 170);
INSERT INTO MUNICIPIO (MUNI_CODI, DPTO_CODI, MUNI_NOMB, ID_CONT, ID_PAIS) values (573,50,'PUERTO LOPEZ', 1, 170);
INSERT INTO MUNICIPIO (MUNI_CODI, DPTO_CODI, MUNI_NOMB, ID_CONT, ID_PAIS) values (577,50,'PUERTO LLERAS', 1, 170);
INSERT INTO MUNICIPIO (MUNI_CODI, DPTO_CODI, MUNI_NOMB, ID_CONT, ID_PAIS) values (590,50,'PUERTO RICO', 1, 170);
INSERT INTO MUNICIPIO (MUNI_CODI, DPTO_CODI, MUNI_NOMB, ID_CONT, ID_PAIS) values (606,50,'RESTREPO', 1, 170);
INSERT INTO MUNICIPIO (MUNI_CODI, DPTO_CODI, MUNI_NOMB, ID_CONT, ID_PAIS) values (680,50,'SAN CARLOS DE GUAROA', 1, 170);
INSERT INTO MUNICIPIO (MUNI_CODI, DPTO_CODI, MUNI_NOMB, ID_CONT, ID_PAIS) values (683,50,'SAN JUAN DE ARAMA', 1, 170);
INSERT INTO MUNICIPIO (MUNI_CODI, DPTO_CODI, MUNI_NOMB, ID_CONT, ID_PAIS) values (686,50,'SAN JUANITO', 1, 170);
INSERT INTO MUNICIPIO (MUNI_CODI, DPTO_CODI, MUNI_NOMB, ID_CONT, ID_PAIS) values (689,50,'SAN MARTIN', 1, 170);
INSERT INTO MUNICIPIO (MUNI_CODI, DPTO_CODI, MUNI_NOMB, ID_CONT, ID_PAIS) values (711,50,'VISTA HERMOSA', 1, 170);
INSERT INTO MUNICIPIO (MUNI_CODI, DPTO_CODI, MUNI_NOMB, ID_CONT, ID_PAIS) values (1,52,'PASTO', 1, 170);
INSERT INTO MUNICIPIO (MUNI_CODI, DPTO_CODI, MUNI_NOMB, ID_CONT, ID_PAIS) values (19,52,'ALBAN', 1, 170);
INSERT INTO MUNICIPIO (MUNI_CODI, DPTO_CODI, MUNI_NOMB, ID_CONT, ID_PAIS) values (22,52,'ALDANA', 1, 170);
INSERT INTO MUNICIPIO (MUNI_CODI, DPTO_CODI, MUNI_NOMB, ID_CONT, ID_PAIS) values (36,52,'ANCUYA', 1, 170);
INSERT INTO MUNICIPIO (MUNI_CODI, DPTO_CODI, MUNI_NOMB, ID_CONT, ID_PAIS) values (51,52,'ARBOLEDA', 1, 170);
INSERT INTO MUNICIPIO (MUNI_CODI, DPTO_CODI, MUNI_NOMB, ID_CONT, ID_PAIS) values (79,52,'BARBACOAS', 1, 170);
INSERT INTO MUNICIPIO (MUNI_CODI, DPTO_CODI, MUNI_NOMB, ID_CONT, ID_PAIS) values (83,52,'BELEN', 1, 170);
INSERT INTO MUNICIPIO (MUNI_CODI, DPTO_CODI, MUNI_NOMB, ID_CONT, ID_PAIS) values (110,52,'BUESACO', 1, 170);
INSERT INTO MUNICIPIO (MUNI_CODI, DPTO_CODI, MUNI_NOMB, ID_CONT, ID_PAIS) values (203,52,'COLON', 1, 170);
INSERT INTO MUNICIPIO (MUNI_CODI, DPTO_CODI, MUNI_NOMB, ID_CONT, ID_PAIS) values (207,52,'CONSACA', 1, 170);
INSERT INTO MUNICIPIO (MUNI_CODI, DPTO_CODI, MUNI_NOMB, ID_CONT, ID_PAIS) values (210,52,'CONTADERO', 1, 170);
INSERT INTO MUNICIPIO (MUNI_CODI, DPTO_CODI, MUNI_NOMB, ID_CONT, ID_PAIS) values (215,52,'CORDOBA', 1, 170);
INSERT INTO MUNICIPIO (MUNI_CODI, DPTO_CODI, MUNI_NOMB, ID_CONT, ID_PAIS) values (224,52,'CUASPUD', 1, 170);
INSERT INTO MUNICIPIO (MUNI_CODI, DPTO_CODI, MUNI_NOMB, ID_CONT, ID_PAIS) values (227,52,'CUMBAL', 1, 170);
INSERT INTO MUNICIPIO (MUNI_CODI, DPTO_CODI, MUNI_NOMB, ID_CONT, ID_PAIS) values (233,52,'CUMBITARA', 1, 170);
INSERT INTO MUNICIPIO (MUNI_CODI, DPTO_CODI, MUNI_NOMB, ID_CONT, ID_PAIS) values (240,52,'CHACHAGUI', 1, 170);
INSERT INTO MUNICIPIO (MUNI_CODI, DPTO_CODI, MUNI_NOMB, ID_CONT, ID_PAIS) values (250,52,'EL CHARCO', 1, 170);
INSERT INTO MUNICIPIO (MUNI_CODI, DPTO_CODI, MUNI_NOMB, ID_CONT, ID_PAIS) values (256,52,'EL ROSARIO', 1, 170);
INSERT INTO MUNICIPIO (MUNI_CODI, DPTO_CODI, MUNI_NOMB, ID_CONT, ID_PAIS) values (258,52,'EL TABLON', 1, 170);
INSERT INTO MUNICIPIO (MUNI_CODI, DPTO_CODI, MUNI_NOMB, ID_CONT, ID_PAIS) values (260,52,'EL TAMBO', 1, 170);
INSERT INTO MUNICIPIO (MUNI_CODI, DPTO_CODI, MUNI_NOMB, ID_CONT, ID_PAIS) values (287,52,'FUNES', 1, 170);
INSERT INTO MUNICIPIO (MUNI_CODI, DPTO_CODI, MUNI_NOMB, ID_CONT, ID_PAIS) values (317,52,'GUACHUCAL', 1, 170);
INSERT INTO MUNICIPIO (MUNI_CODI, DPTO_CODI, MUNI_NOMB, ID_CONT, ID_PAIS) values (320,52,'GUAITARILLA', 1, 170);
INSERT INTO MUNICIPIO (MUNI_CODI, DPTO_CODI, MUNI_NOMB, ID_CONT, ID_PAIS) values (323,52,'GUALMATAN', 1, 170);
INSERT INTO MUNICIPIO (MUNI_CODI, DPTO_CODI, MUNI_NOMB, ID_CONT, ID_PAIS) values (352,52,'ILES', 1, 170);
INSERT INTO MUNICIPIO (MUNI_CODI, DPTO_CODI, MUNI_NOMB, ID_CONT, ID_PAIS) values (354,52,'IMUES', 1, 170);
INSERT INTO MUNICIPIO (MUNI_CODI, DPTO_CODI, MUNI_NOMB, ID_CONT, ID_PAIS) values (356,52,'IPIALES', 1, 170);
INSERT INTO MUNICIPIO (MUNI_CODI, DPTO_CODI, MUNI_NOMB, ID_CONT, ID_PAIS) values (378,52,'LA CRUZ', 1, 170);
INSERT INTO MUNICIPIO (MUNI_CODI, DPTO_CODI, MUNI_NOMB, ID_CONT, ID_PAIS) values (381,52,'LA FLORIDA', 1, 170);
INSERT INTO MUNICIPIO (MUNI_CODI, DPTO_CODI, MUNI_NOMB, ID_CONT, ID_PAIS) values (385,52,'LA LLANADA', 1, 170);
INSERT INTO MUNICIPIO (MUNI_CODI, DPTO_CODI, MUNI_NOMB, ID_CONT, ID_PAIS) values (390,52,'LA TOLA', 1, 170);
INSERT INTO MUNICIPIO (MUNI_CODI, DPTO_CODI, MUNI_NOMB, ID_CONT, ID_PAIS) values (399,52,'LA UNION', 1, 170);
INSERT INTO MUNICIPIO (MUNI_CODI, DPTO_CODI, MUNI_NOMB, ID_CONT, ID_PAIS) values (405,52,'LEIVA', 1, 170);
INSERT INTO MUNICIPIO (MUNI_CODI, DPTO_CODI, MUNI_NOMB, ID_CONT, ID_PAIS) values (411,52,'LINARES', 1, 170);
INSERT INTO MUNICIPIO (MUNI_CODI, DPTO_CODI, MUNI_NOMB, ID_CONT, ID_PAIS) values (418,52,'LOS ANDES', 1, 170);
INSERT INTO MUNICIPIO (MUNI_CODI, DPTO_CODI, MUNI_NOMB, ID_CONT, ID_PAIS) values (427,52,'MAGUI', 1, 170);
INSERT INTO MUNICIPIO (MUNI_CODI, DPTO_CODI, MUNI_NOMB, ID_CONT, ID_PAIS) values (435,52,'MALLAMA', 1, 170);
INSERT INTO MUNICIPIO (MUNI_CODI, DPTO_CODI, MUNI_NOMB, ID_CONT, ID_PAIS) values (473,52,'MOSQUERA', 1, 170);
INSERT INTO MUNICIPIO (MUNI_CODI, DPTO_CODI, MUNI_NOMB, ID_CONT, ID_PAIS) values (490,52,'OLAYA HERRERA', 1, 170);
INSERT INTO MUNICIPIO (MUNI_CODI, DPTO_CODI, MUNI_NOMB, ID_CONT, ID_PAIS) values (506,52,'OSPINA', 1, 170);
INSERT INTO MUNICIPIO (MUNI_CODI, DPTO_CODI, MUNI_NOMB, ID_CONT, ID_PAIS) values (520,52,'FRANCIS PIZARRO', 1, 170);
INSERT INTO MUNICIPIO (MUNI_CODI, DPTO_CODI, MUNI_NOMB, ID_CONT, ID_PAIS) values (540,52,'POLICARPA', 1, 170);
INSERT INTO MUNICIPIO (MUNI_CODI, DPTO_CODI, MUNI_NOMB, ID_CONT, ID_PAIS) values (560,52,'POTOSI', 1, 170);
INSERT INTO MUNICIPIO (MUNI_CODI, DPTO_CODI, MUNI_NOMB, ID_CONT, ID_PAIS) values (565,52,'PROVIDENCIA', 1, 170);
INSERT INTO MUNICIPIO (MUNI_CODI, DPTO_CODI, MUNI_NOMB, ID_CONT, ID_PAIS) values (573,52,'PUERRES', 1, 170);
INSERT INTO MUNICIPIO (MUNI_CODI, DPTO_CODI, MUNI_NOMB, ID_CONT, ID_PAIS) values (585,52,'PUPIALES', 1, 170);
INSERT INTO MUNICIPIO (MUNI_CODI, DPTO_CODI, MUNI_NOMB, ID_CONT, ID_PAIS) values (612,52,'RICAURTE', 1, 170);
INSERT INTO MUNICIPIO (MUNI_CODI, DPTO_CODI, MUNI_NOMB, ID_CONT, ID_PAIS) values (621,52,'ROBERTO PAYAN', 1, 170);
INSERT INTO MUNICIPIO (MUNI_CODI, DPTO_CODI, MUNI_NOMB, ID_CONT, ID_PAIS) values (678,52,'SAMANIEGO', 1, 170);
INSERT INTO MUNICIPIO (MUNI_CODI, DPTO_CODI, MUNI_NOMB, ID_CONT, ID_PAIS) values (683,52,'SANDONA', 1, 170);
INSERT INTO MUNICIPIO (MUNI_CODI, DPTO_CODI, MUNI_NOMB, ID_CONT, ID_PAIS) values (685,52,'SAN BERNARDO', 1, 170);
INSERT INTO MUNICIPIO (MUNI_CODI, DPTO_CODI, MUNI_NOMB, ID_CONT, ID_PAIS) values (687,52,'SAN LORENZO', 1, 170);
INSERT INTO MUNICIPIO (MUNI_CODI, DPTO_CODI, MUNI_NOMB, ID_CONT, ID_PAIS) values (693,52,'SAN PABLO', 1, 170);
INSERT INTO MUNICIPIO (MUNI_CODI, DPTO_CODI, MUNI_NOMB, ID_CONT, ID_PAIS) values (694,52,'SAN PEDRO DE CARTAGO', 1, 170);
INSERT INTO MUNICIPIO (MUNI_CODI, DPTO_CODI, MUNI_NOMB, ID_CONT, ID_PAIS) values (696,52,'SANTABARBARA', 1, 170);
INSERT INTO MUNICIPIO (MUNI_CODI, DPTO_CODI, MUNI_NOMB, ID_CONT, ID_PAIS) values (699,52,'SANTACRUZ', 1, 170);
INSERT INTO MUNICIPIO (MUNI_CODI, DPTO_CODI, MUNI_NOMB, ID_CONT, ID_PAIS) values (720,52,'SAPUYES', 1, 170);
INSERT INTO MUNICIPIO (MUNI_CODI, DPTO_CODI, MUNI_NOMB, ID_CONT, ID_PAIS) values (786,52,'TAMINANGO', 1, 170);
INSERT INTO MUNICIPIO (MUNI_CODI, DPTO_CODI, MUNI_NOMB, ID_CONT, ID_PAIS) values (788,52,'TANGUA', 1, 170);
INSERT INTO MUNICIPIO (MUNI_CODI, DPTO_CODI, MUNI_NOMB, ID_CONT, ID_PAIS) values (835,52,'TUMACO', 1, 170);
INSERT INTO MUNICIPIO (MUNI_CODI, DPTO_CODI, MUNI_NOMB, ID_CONT, ID_PAIS) values (838,52,'TUQUERRES', 1, 170);
INSERT INTO MUNICIPIO (MUNI_CODI, DPTO_CODI, MUNI_NOMB, ID_CONT, ID_PAIS) values (885,52,'YACUANQUER', 1, 170);
INSERT INTO MUNICIPIO (MUNI_CODI, DPTO_CODI, MUNI_NOMB, ID_CONT, ID_PAIS) values (1,54,'CUCUTA', 1, 170);
INSERT INTO MUNICIPIO (MUNI_CODI, DPTO_CODI, MUNI_NOMB, ID_CONT, ID_PAIS) values (3,54,'ABREGO', 1, 170);
INSERT INTO MUNICIPIO (MUNI_CODI, DPTO_CODI, MUNI_NOMB, ID_CONT, ID_PAIS) values (51,54,'ARBOLEDAS', 1, 170);
INSERT INTO MUNICIPIO (MUNI_CODI, DPTO_CODI, MUNI_NOMB, ID_CONT, ID_PAIS) values (99,54,'BOCHALEMA', 1, 170);
INSERT INTO MUNICIPIO (MUNI_CODI, DPTO_CODI, MUNI_NOMB, ID_CONT, ID_PAIS) values (109,54,'BUCARASICA', 1, 170);
INSERT INTO MUNICIPIO (MUNI_CODI, DPTO_CODI, MUNI_NOMB, ID_CONT, ID_PAIS) values (125,54,'CACOTA', 1, 170);
INSERT INTO MUNICIPIO (MUNI_CODI, DPTO_CODI, MUNI_NOMB, ID_CONT, ID_PAIS) values (128,54,'CACHIRA', 1, 170);
INSERT INTO MUNICIPIO (MUNI_CODI, DPTO_CODI, MUNI_NOMB, ID_CONT, ID_PAIS) values (172,54,'CHINACOTA', 1, 170);
INSERT INTO MUNICIPIO (MUNI_CODI, DPTO_CODI, MUNI_NOMB, ID_CONT, ID_PAIS) values (174,54,'CHITAGA', 1, 170);
INSERT INTO MUNICIPIO (MUNI_CODI, DPTO_CODI, MUNI_NOMB, ID_CONT, ID_PAIS) values (206,54,'CONVENCION', 1, 170);
INSERT INTO MUNICIPIO (MUNI_CODI, DPTO_CODI, MUNI_NOMB, ID_CONT, ID_PAIS) values (223,54,'CUCUTILLA', 1, 170);
INSERT INTO MUNICIPIO (MUNI_CODI, DPTO_CODI, MUNI_NOMB, ID_CONT, ID_PAIS) values (239,54,'DURANIA', 1, 170);
INSERT INTO MUNICIPIO (MUNI_CODI, DPTO_CODI, MUNI_NOMB, ID_CONT, ID_PAIS) values (245,54,'EL CARMEN', 1, 170);
INSERT INTO MUNICIPIO (MUNI_CODI, DPTO_CODI, MUNI_NOMB, ID_CONT, ID_PAIS) values (250,54,'EL TARRA', 1, 170);
INSERT INTO MUNICIPIO (MUNI_CODI, DPTO_CODI, MUNI_NOMB, ID_CONT, ID_PAIS) values (261,54,'EL ZULIA', 1, 170);
INSERT INTO MUNICIPIO (MUNI_CODI, DPTO_CODI, MUNI_NOMB, ID_CONT, ID_PAIS) values (313,54,'GRAMALOTE', 1, 170);
INSERT INTO MUNICIPIO (MUNI_CODI, DPTO_CODI, MUNI_NOMB, ID_CONT, ID_PAIS) values (344,54,'HACARI', 1, 170);
INSERT INTO MUNICIPIO (MUNI_CODI, DPTO_CODI, MUNI_NOMB, ID_CONT, ID_PAIS) values (347,54,'HERRAN', 1, 170);
INSERT INTO MUNICIPIO (MUNI_CODI, DPTO_CODI, MUNI_NOMB, ID_CONT, ID_PAIS) values (377,54,'LABATECA', 1, 170);
INSERT INTO MUNICIPIO (MUNI_CODI, DPTO_CODI, MUNI_NOMB, ID_CONT, ID_PAIS) values (385,54,'LA ESPERANZA', 1, 170);
INSERT INTO MUNICIPIO (MUNI_CODI, DPTO_CODI, MUNI_NOMB, ID_CONT, ID_PAIS) values (398,54,'LA PLAYA', 1, 170);
INSERT INTO MUNICIPIO (MUNI_CODI, DPTO_CODI, MUNI_NOMB, ID_CONT, ID_PAIS) values (405,54,'LOS PATIOS', 1, 170);
INSERT INTO MUNICIPIO (MUNI_CODI, DPTO_CODI, MUNI_NOMB, ID_CONT, ID_PAIS) values (418,54,'LOURDES', 1, 170);
INSERT INTO MUNICIPIO (MUNI_CODI, DPTO_CODI, MUNI_NOMB, ID_CONT, ID_PAIS) values (480,54,'MUTISCUA', 1, 170);
INSERT INTO MUNICIPIO (MUNI_CODI, DPTO_CODI, MUNI_NOMB, ID_CONT, ID_PAIS) values (498,54,'OCAÑA', 1, 170);
INSERT INTO MUNICIPIO (MUNI_CODI, DPTO_CODI, MUNI_NOMB, ID_CONT, ID_PAIS) values (518,54,'PAMPLONA', 1, 170);
INSERT INTO MUNICIPIO (MUNI_CODI, DPTO_CODI, MUNI_NOMB, ID_CONT, ID_PAIS) values (520,54,'PAMPLONITA', 1, 170);
INSERT INTO MUNICIPIO (MUNI_CODI, DPTO_CODI, MUNI_NOMB, ID_CONT, ID_PAIS) values (553,54,'PUERTO SANTANDER', 1, 170);
INSERT INTO MUNICIPIO (MUNI_CODI, DPTO_CODI, MUNI_NOMB, ID_CONT, ID_PAIS) values (599,54,'RAGONVALIA', 1, 170);
INSERT INTO MUNICIPIO (MUNI_CODI, DPTO_CODI, MUNI_NOMB, ID_CONT, ID_PAIS) values (660,54,'SALAZAR', 1, 170);
INSERT INTO MUNICIPIO (MUNI_CODI, DPTO_CODI, MUNI_NOMB, ID_CONT, ID_PAIS) values (670,54,'SAN CALIXTO', 1, 170);
INSERT INTO MUNICIPIO (MUNI_CODI, DPTO_CODI, MUNI_NOMB, ID_CONT, ID_PAIS) values (673,54,'SAN CAYETANO', 1, 170);
INSERT INTO MUNICIPIO (MUNI_CODI, DPTO_CODI, MUNI_NOMB, ID_CONT, ID_PAIS) values (680,54,'SANTIAGO', 1, 170);
INSERT INTO MUNICIPIO (MUNI_CODI, DPTO_CODI, MUNI_NOMB, ID_CONT, ID_PAIS) values (720,54,'SARDINATA', 1, 170);
INSERT INTO MUNICIPIO (MUNI_CODI, DPTO_CODI, MUNI_NOMB, ID_CONT, ID_PAIS) values (743,54,'SILOS', 1, 170);
INSERT INTO MUNICIPIO (MUNI_CODI, DPTO_CODI, MUNI_NOMB, ID_CONT, ID_PAIS) values (800,54,'TEORAMA', 1, 170);
INSERT INTO MUNICIPIO (MUNI_CODI, DPTO_CODI, MUNI_NOMB, ID_CONT, ID_PAIS) values (810,54,'TIBU', 1, 170);
INSERT INTO MUNICIPIO (MUNI_CODI, DPTO_CODI, MUNI_NOMB, ID_CONT, ID_PAIS) values (820,54,'TOLEDO', 1, 170);
INSERT INTO MUNICIPIO (MUNI_CODI, DPTO_CODI, MUNI_NOMB, ID_CONT, ID_PAIS) values (871,54,'VILLA CARO', 1, 170);
INSERT INTO MUNICIPIO (MUNI_CODI, DPTO_CODI, MUNI_NOMB, ID_CONT, ID_PAIS) values (874,54,'VILLA DEL ROSARIO', 1, 170);
INSERT INTO MUNICIPIO (MUNI_CODI, DPTO_CODI, MUNI_NOMB, ID_CONT, ID_PAIS) values (1,63,'ARMENIA', 1, 170);
INSERT INTO MUNICIPIO (MUNI_CODI, DPTO_CODI, MUNI_NOMB, ID_CONT, ID_PAIS) values (111,63,'BUENAVISTA', 1, 170);
INSERT INTO MUNICIPIO (MUNI_CODI, DPTO_CODI, MUNI_NOMB, ID_CONT, ID_PAIS) values (130,63,'CALARCA', 1, 170);
INSERT INTO MUNICIPIO (MUNI_CODI, DPTO_CODI, MUNI_NOMB, ID_CONT, ID_PAIS) values (190,63,'CIRCASIA', 1, 170);
INSERT INTO MUNICIPIO (MUNI_CODI, DPTO_CODI, MUNI_NOMB, ID_CONT, ID_PAIS) values (212,63,'CORDOBA', 1, 170);
INSERT INTO MUNICIPIO (MUNI_CODI, DPTO_CODI, MUNI_NOMB, ID_CONT, ID_PAIS) values (272,63,'FILANDIA', 1, 170);
INSERT INTO MUNICIPIO (MUNI_CODI, DPTO_CODI, MUNI_NOMB, ID_CONT, ID_PAIS) values (302,63,'GENOVA', 1, 170);
INSERT INTO MUNICIPIO (MUNI_CODI, DPTO_CODI, MUNI_NOMB, ID_CONT, ID_PAIS) values (401,63,'LA TEBAIDA', 1, 170);
INSERT INTO MUNICIPIO (MUNI_CODI, DPTO_CODI, MUNI_NOMB, ID_CONT, ID_PAIS) values (470,63,'MONTENEGRO', 1, 170);
INSERT INTO MUNICIPIO (MUNI_CODI, DPTO_CODI, MUNI_NOMB, ID_CONT, ID_PAIS) values (548,63,'PIJAO', 1, 170);
INSERT INTO MUNICIPIO (MUNI_CODI, DPTO_CODI, MUNI_NOMB, ID_CONT, ID_PAIS) values (594,63,'QUIMBAYA', 1, 170);
INSERT INTO MUNICIPIO (MUNI_CODI, DPTO_CODI, MUNI_NOMB, ID_CONT, ID_PAIS) values (690,63,'SALENTO', 1, 170);
INSERT INTO MUNICIPIO (MUNI_CODI, DPTO_CODI, MUNI_NOMB, ID_CONT, ID_PAIS) values (1,66,'PEREIRA', 1, 170);
INSERT INTO MUNICIPIO (MUNI_CODI, DPTO_CODI, MUNI_NOMB, ID_CONT, ID_PAIS) values (45,66,'APIA', 1, 170);
INSERT INTO MUNICIPIO (MUNI_CODI, DPTO_CODI, MUNI_NOMB, ID_CONT, ID_PAIS) values (75,66,'BALBOA', 1, 170);
INSERT INTO MUNICIPIO (MUNI_CODI, DPTO_CODI, MUNI_NOMB, ID_CONT, ID_PAIS) values (88,66,'BELEN DE UMBRIA', 1, 170);
INSERT INTO MUNICIPIO (MUNI_CODI, DPTO_CODI, MUNI_NOMB, ID_CONT, ID_PAIS) values (170,66,'DOS QUEBRADAS', 1, 170);
INSERT INTO MUNICIPIO (MUNI_CODI, DPTO_CODI, MUNI_NOMB, ID_CONT, ID_PAIS) values (318,66,'GUATICA', 1, 170);
INSERT INTO MUNICIPIO (MUNI_CODI, DPTO_CODI, MUNI_NOMB, ID_CONT, ID_PAIS) values (383,66,'LA CELIA', 1, 170);
INSERT INTO MUNICIPIO (MUNI_CODI, DPTO_CODI, MUNI_NOMB, ID_CONT, ID_PAIS) values (400,66,'LA VIRGINIA', 1, 170);
INSERT INTO MUNICIPIO (MUNI_CODI, DPTO_CODI, MUNI_NOMB, ID_CONT, ID_PAIS) values (440,66,'MARSELLA', 1, 170);
INSERT INTO MUNICIPIO (MUNI_CODI, DPTO_CODI, MUNI_NOMB, ID_CONT, ID_PAIS) values (456,66,'MISTRATO', 1, 170);
INSERT INTO MUNICIPIO (MUNI_CODI, DPTO_CODI, MUNI_NOMB, ID_CONT, ID_PAIS) values (572,66,'PUEBLO RICO', 1, 170);
INSERT INTO MUNICIPIO (MUNI_CODI, DPTO_CODI, MUNI_NOMB, ID_CONT, ID_PAIS) values (594,66,'QUINCHIA', 1, 170);
INSERT INTO MUNICIPIO (MUNI_CODI, DPTO_CODI, MUNI_NOMB, ID_CONT, ID_PAIS) values (682,66,'SANTA ROSA DE CABAL', 1, 170);
INSERT INTO MUNICIPIO (MUNI_CODI, DPTO_CODI, MUNI_NOMB, ID_CONT, ID_PAIS) values (687,66,'SANTUARIO', 1, 170);
INSERT INTO MUNICIPIO (MUNI_CODI, DPTO_CODI, MUNI_NOMB, ID_CONT, ID_PAIS) values (1,68,'BUCARAMANGA', 1, 170);
INSERT INTO MUNICIPIO (MUNI_CODI, DPTO_CODI, MUNI_NOMB, ID_CONT, ID_PAIS) values (13,68,'AGUADA', 1, 170);
INSERT INTO MUNICIPIO (MUNI_CODI, DPTO_CODI, MUNI_NOMB, ID_CONT, ID_PAIS) values (20,68,'ALBANIA', 1, 170);
INSERT INTO MUNICIPIO (MUNI_CODI, DPTO_CODI, MUNI_NOMB, ID_CONT, ID_PAIS) values (51,68,'ARATOCA', 1, 170);
INSERT INTO MUNICIPIO (MUNI_CODI, DPTO_CODI, MUNI_NOMB, ID_CONT, ID_PAIS) values (77,68,'BARBOSA', 1, 170);
INSERT INTO MUNICIPIO (MUNI_CODI, DPTO_CODI, MUNI_NOMB, ID_CONT, ID_PAIS) values (79,68,'BARICHARA', 1, 170);
INSERT INTO MUNICIPIO (MUNI_CODI, DPTO_CODI, MUNI_NOMB, ID_CONT, ID_PAIS) values (81,68,'BARRANCABERMEJA', 1, 170);
INSERT INTO MUNICIPIO (MUNI_CODI, DPTO_CODI, MUNI_NOMB, ID_CONT, ID_PAIS) values (92,68,'BETULIA', 1, 170);
INSERT INTO MUNICIPIO (MUNI_CODI, DPTO_CODI, MUNI_NOMB, ID_CONT, ID_PAIS) values (101,68,'BOLIVAR', 1, 170);
INSERT INTO MUNICIPIO (MUNI_CODI, DPTO_CODI, MUNI_NOMB, ID_CONT, ID_PAIS) values (121,68,'CABRERA', 1, 170);
INSERT INTO MUNICIPIO (MUNI_CODI, DPTO_CODI, MUNI_NOMB, ID_CONT, ID_PAIS) values (132,68,'CALIFORNIA', 1, 170);
INSERT INTO MUNICIPIO (MUNI_CODI, DPTO_CODI, MUNI_NOMB, ID_CONT, ID_PAIS) values (147,68,'CAPITANEJO', 1, 170);
INSERT INTO MUNICIPIO (MUNI_CODI, DPTO_CODI, MUNI_NOMB, ID_CONT, ID_PAIS) values (152,68,'CARCASI', 1, 170);
INSERT INTO MUNICIPIO (MUNI_CODI, DPTO_CODI, MUNI_NOMB, ID_CONT, ID_PAIS) values (160,68,'CEPITA', 1, 170);
INSERT INTO MUNICIPIO (MUNI_CODI, DPTO_CODI, MUNI_NOMB, ID_CONT, ID_PAIS) values (162,68,'CERRITO', 1, 170);
INSERT INTO MUNICIPIO (MUNI_CODI, DPTO_CODI, MUNI_NOMB, ID_CONT, ID_PAIS) values (167,68,'CHARALA', 1, 170);
INSERT INTO MUNICIPIO (MUNI_CODI, DPTO_CODI, MUNI_NOMB, ID_CONT, ID_PAIS) values (169,68,'CHARTA', 1, 170);
INSERT INTO MUNICIPIO (MUNI_CODI, DPTO_CODI, MUNI_NOMB, ID_CONT, ID_PAIS) values (176,68,'CHIMA', 1, 170);
INSERT INTO MUNICIPIO (MUNI_CODI, DPTO_CODI, MUNI_NOMB, ID_CONT, ID_PAIS) values (179,68,'CHIPATA', 1, 170);
INSERT INTO MUNICIPIO (MUNI_CODI, DPTO_CODI, MUNI_NOMB, ID_CONT, ID_PAIS) values (190,68,'CIMITARRA', 1, 170);
INSERT INTO MUNICIPIO (MUNI_CODI, DPTO_CODI, MUNI_NOMB, ID_CONT, ID_PAIS) values (207,68,'CONCEPCION', 1, 170);
INSERT INTO MUNICIPIO (MUNI_CODI, DPTO_CODI, MUNI_NOMB, ID_CONT, ID_PAIS) values (209,68,'CONFINES', 1, 170);
INSERT INTO MUNICIPIO (MUNI_CODI, DPTO_CODI, MUNI_NOMB, ID_CONT, ID_PAIS) values (211,68,'CONTRATACION', 1, 170);
INSERT INTO MUNICIPIO (MUNI_CODI, DPTO_CODI, MUNI_NOMB, ID_CONT, ID_PAIS) values (217,68,'COROMORO', 1, 170);
INSERT INTO MUNICIPIO (MUNI_CODI, DPTO_CODI, MUNI_NOMB, ID_CONT, ID_PAIS) values (229,68,'CURITI', 1, 170);
INSERT INTO MUNICIPIO (MUNI_CODI, DPTO_CODI, MUNI_NOMB, ID_CONT, ID_PAIS) values (235,68,'EL CARMEN', 1, 170);
INSERT INTO MUNICIPIO (MUNI_CODI, DPTO_CODI, MUNI_NOMB, ID_CONT, ID_PAIS) values (245,68,'EL GUACAMAYO', 1, 170);
INSERT INTO MUNICIPIO (MUNI_CODI, DPTO_CODI, MUNI_NOMB, ID_CONT, ID_PAIS) values (250,68,'EL PEÑON', 1, 170);
INSERT INTO MUNICIPIO (MUNI_CODI, DPTO_CODI, MUNI_NOMB, ID_CONT, ID_PAIS) values (255,68,'EL PLAYON', 1, 170);
INSERT INTO MUNICIPIO (MUNI_CODI, DPTO_CODI, MUNI_NOMB, ID_CONT, ID_PAIS) values (264,68,'ENCINO', 1, 170);
INSERT INTO MUNICIPIO (MUNI_CODI, DPTO_CODI, MUNI_NOMB, ID_CONT, ID_PAIS) values (266,68,'ENCISO', 1, 170);
INSERT INTO MUNICIPIO (MUNI_CODI, DPTO_CODI, MUNI_NOMB, ID_CONT, ID_PAIS) values (271,68,'FLORIAN', 1, 170);
INSERT INTO MUNICIPIO (MUNI_CODI, DPTO_CODI, MUNI_NOMB, ID_CONT, ID_PAIS) values (276,68,'FLORIDABLANCA', 1, 170);
INSERT INTO MUNICIPIO (MUNI_CODI, DPTO_CODI, MUNI_NOMB, ID_CONT, ID_PAIS) values (296,68,'GALAN', 1, 170);
INSERT INTO MUNICIPIO (MUNI_CODI, DPTO_CODI, MUNI_NOMB, ID_CONT, ID_PAIS) values (298,68,'GAMBITA', 1, 170);
INSERT INTO MUNICIPIO (MUNI_CODI, DPTO_CODI, MUNI_NOMB, ID_CONT, ID_PAIS) values (307,68,'GIRON (SAN JUAN DE)', 1, 170);
INSERT INTO MUNICIPIO (MUNI_CODI, DPTO_CODI, MUNI_NOMB, ID_CONT, ID_PAIS) values (318,68,'GUACA', 1, 170);
INSERT INTO MUNICIPIO (MUNI_CODI, DPTO_CODI, MUNI_NOMB, ID_CONT, ID_PAIS) values (320,68,'GUADALUPE', 1, 170);
INSERT INTO MUNICIPIO (MUNI_CODI, DPTO_CODI, MUNI_NOMB, ID_CONT, ID_PAIS) values (322,68,'GUAPOTA', 1, 170);
INSERT INTO MUNICIPIO (MUNI_CODI, DPTO_CODI, MUNI_NOMB, ID_CONT, ID_PAIS) values (324,68,'GUAVATA', 1, 170);
INSERT INTO MUNICIPIO (MUNI_CODI, DPTO_CODI, MUNI_NOMB, ID_CONT, ID_PAIS) values (327,68,'GUEPSA', 1, 170);
INSERT INTO MUNICIPIO (MUNI_CODI, DPTO_CODI, MUNI_NOMB, ID_CONT, ID_PAIS) values (344,68,'HATO', 1, 170);
INSERT INTO MUNICIPIO (MUNI_CODI, DPTO_CODI, MUNI_NOMB, ID_CONT, ID_PAIS) values (368,68,'JESUS MARIA', 1, 170);
INSERT INTO MUNICIPIO (MUNI_CODI, DPTO_CODI, MUNI_NOMB, ID_CONT, ID_PAIS) values (370,68,'JORDAN', 1, 170);
INSERT INTO MUNICIPIO (MUNI_CODI, DPTO_CODI, MUNI_NOMB, ID_CONT, ID_PAIS) values (377,68,'LA BELLEZA', 1, 170);
INSERT INTO MUNICIPIO (MUNI_CODI, DPTO_CODI, MUNI_NOMB, ID_CONT, ID_PAIS) values (385,68,'LANDAZURI', 1, 170);
INSERT INTO MUNICIPIO (MUNI_CODI, DPTO_CODI, MUNI_NOMB, ID_CONT, ID_PAIS) values (397,68,'LA PAZ', 1, 170);
INSERT INTO MUNICIPIO (MUNI_CODI, DPTO_CODI, MUNI_NOMB, ID_CONT, ID_PAIS) values (406,68,'LEBRIJA', 1, 170);
INSERT INTO MUNICIPIO (MUNI_CODI, DPTO_CODI, MUNI_NOMB, ID_CONT, ID_PAIS) values (418,68,'LOS SANTOS', 1, 170);
INSERT INTO MUNICIPIO (MUNI_CODI, DPTO_CODI, MUNI_NOMB, ID_CONT, ID_PAIS) values (425,68,'MACARAVITA', 1, 170);
INSERT INTO MUNICIPIO (MUNI_CODI, DPTO_CODI, MUNI_NOMB, ID_CONT, ID_PAIS) values (432,68,'MALAGA', 1, 170);
INSERT INTO MUNICIPIO (MUNI_CODI, DPTO_CODI, MUNI_NOMB, ID_CONT, ID_PAIS) values (444,68,'MATANZA', 1, 170);
INSERT INTO MUNICIPIO (MUNI_CODI, DPTO_CODI, MUNI_NOMB, ID_CONT, ID_PAIS) values (464,68,'MOGOTES', 1, 170);
INSERT INTO MUNICIPIO (MUNI_CODI, DPTO_CODI, MUNI_NOMB, ID_CONT, ID_PAIS) values (468,68,'MOLAGAVITA', 1, 170);
INSERT INTO MUNICIPIO (MUNI_CODI, DPTO_CODI, MUNI_NOMB, ID_CONT, ID_PAIS) values (498,68,'OCAMONTE', 1, 170);
INSERT INTO MUNICIPIO (MUNI_CODI, DPTO_CODI, MUNI_NOMB, ID_CONT, ID_PAIS) values (500,68,'OIBA', 1, 170);
INSERT INTO MUNICIPIO (MUNI_CODI, DPTO_CODI, MUNI_NOMB, ID_CONT, ID_PAIS) values (502,68,'ONZAGA', 1, 170);
INSERT INTO MUNICIPIO (MUNI_CODI, DPTO_CODI, MUNI_NOMB, ID_CONT, ID_PAIS) values (522,68,'PALMAR', 1, 170);
INSERT INTO MUNICIPIO (MUNI_CODI, DPTO_CODI, MUNI_NOMB, ID_CONT, ID_PAIS) values (524,68,'PALMAS SOCORRO', 1, 170);
INSERT INTO MUNICIPIO (MUNI_CODI, DPTO_CODI, MUNI_NOMB, ID_CONT, ID_PAIS) values (533,68,'PARAMO', 1, 170);
INSERT INTO MUNICIPIO (MUNI_CODI, DPTO_CODI, MUNI_NOMB, ID_CONT, ID_PAIS) values (547,68,'PIEDECUESTA', 1, 170);
INSERT INTO MUNICIPIO (MUNI_CODI, DPTO_CODI, MUNI_NOMB, ID_CONT, ID_PAIS) values (549,68,'PINCHOTE', 1, 170);
INSERT INTO MUNICIPIO (MUNI_CODI, DPTO_CODI, MUNI_NOMB, ID_CONT, ID_PAIS) values (572,68,'PUENTE NACIONAL', 1, 170);
INSERT INTO MUNICIPIO (MUNI_CODI, DPTO_CODI, MUNI_NOMB, ID_CONT, ID_PAIS) values (573,68,'PUERTO PARRA', 1, 170);
INSERT INTO MUNICIPIO (MUNI_CODI, DPTO_CODI, MUNI_NOMB, ID_CONT, ID_PAIS) values (575,68,'PUERTO WILCHES', 1, 170);
INSERT INTO MUNICIPIO (MUNI_CODI, DPTO_CODI, MUNI_NOMB, ID_CONT, ID_PAIS) values (615,68,'RIONEGRO', 1, 170);
INSERT INTO MUNICIPIO (MUNI_CODI, DPTO_CODI, MUNI_NOMB, ID_CONT, ID_PAIS) values (655,68,'SABANA DE TORRES', 1, 170);
INSERT INTO MUNICIPIO (MUNI_CODI, DPTO_CODI, MUNI_NOMB, ID_CONT, ID_PAIS) values (669,68,'SAN ANDRES', 1, 170);
INSERT INTO MUNICIPIO (MUNI_CODI, DPTO_CODI, MUNI_NOMB, ID_CONT, ID_PAIS) values (673,68,'SAN BENITO', 1, 170);
INSERT INTO MUNICIPIO (MUNI_CODI, DPTO_CODI, MUNI_NOMB, ID_CONT, ID_PAIS) values (679,68,'SAN GIL', 1, 170);
INSERT INTO MUNICIPIO (MUNI_CODI, DPTO_CODI, MUNI_NOMB, ID_CONT, ID_PAIS) values (682,68,'SAN JOAQUIN', 1, 170);
INSERT INTO MUNICIPIO (MUNI_CODI, DPTO_CODI, MUNI_NOMB, ID_CONT, ID_PAIS) values (684,68,'SAN JOSE DE MIRANDA', 1, 170);
INSERT INTO MUNICIPIO (MUNI_CODI, DPTO_CODI, MUNI_NOMB, ID_CONT, ID_PAIS) values (686,68,'SAN MIGUEL', 1, 170);
INSERT INTO MUNICIPIO (MUNI_CODI, DPTO_CODI, MUNI_NOMB, ID_CONT, ID_PAIS) values (689,68,'SAN VICENTE DE CHUCURI', 1, 170);
INSERT INTO MUNICIPIO (MUNI_CODI, DPTO_CODI, MUNI_NOMB, ID_CONT, ID_PAIS) values (705,68,'SANTA BARBARA', 1, 170);
INSERT INTO MUNICIPIO (MUNI_CODI, DPTO_CODI, MUNI_NOMB, ID_CONT, ID_PAIS) values (720,68,'SANTA HELENA DEL OPON', 1, 170);
INSERT INTO MUNICIPIO (MUNI_CODI, DPTO_CODI, MUNI_NOMB, ID_CONT, ID_PAIS) values (745,68,'SIMACOTA', 1, 170);
INSERT INTO MUNICIPIO (MUNI_CODI, DPTO_CODI, MUNI_NOMB, ID_CONT, ID_PAIS) values (755,68,'SOCORRO', 1, 170);
INSERT INTO MUNICIPIO (MUNI_CODI, DPTO_CODI, MUNI_NOMB, ID_CONT, ID_PAIS) values (770,68,'SUAITA', 1, 170);
INSERT INTO MUNICIPIO (MUNI_CODI, DPTO_CODI, MUNI_NOMB, ID_CONT, ID_PAIS) values (773,68,'SUCRE', 1, 170);
INSERT INTO MUNICIPIO (MUNI_CODI, DPTO_CODI, MUNI_NOMB, ID_CONT, ID_PAIS) values (780,68,'SURATA', 1, 170);
INSERT INTO MUNICIPIO (MUNI_CODI, DPTO_CODI, MUNI_NOMB, ID_CONT, ID_PAIS) values (820,68,'TONA', 1, 170);
INSERT INTO MUNICIPIO (MUNI_CODI, DPTO_CODI, MUNI_NOMB, ID_CONT, ID_PAIS) values (855,68,'VALLE DE SAN JOSE', 1, 170);
INSERT INTO MUNICIPIO (MUNI_CODI, DPTO_CODI, MUNI_NOMB, ID_CONT, ID_PAIS) values (861,68,'VELEZ', 1, 170);
INSERT INTO MUNICIPIO (MUNI_CODI, DPTO_CODI, MUNI_NOMB, ID_CONT, ID_PAIS) values (867,68,'VETAS', 1, 170);
INSERT INTO MUNICIPIO (MUNI_CODI, DPTO_CODI, MUNI_NOMB, ID_CONT, ID_PAIS) values (872,68,'VILLANUEVA', 1, 170);
INSERT INTO MUNICIPIO (MUNI_CODI, DPTO_CODI, MUNI_NOMB, ID_CONT, ID_PAIS) values (895,68,'ZAPATOCA', 1, 170);
INSERT INTO MUNICIPIO (MUNI_CODI, DPTO_CODI, MUNI_NOMB, ID_CONT, ID_PAIS) values (1,70,'SINCELEJO', 1, 170);
INSERT INTO MUNICIPIO (MUNI_CODI, DPTO_CODI, MUNI_NOMB, ID_CONT, ID_PAIS) values (110,70,'BUENAVISTA', 1, 170);
INSERT INTO MUNICIPIO (MUNI_CODI, DPTO_CODI, MUNI_NOMB, ID_CONT, ID_PAIS) values (124,70,'CAIMITO', 1, 170);
INSERT INTO MUNICIPIO (MUNI_CODI, DPTO_CODI, MUNI_NOMB, ID_CONT, ID_PAIS) values (204,70,'COLOSO', 1, 170);
INSERT INTO MUNICIPIO (MUNI_CODI, DPTO_CODI, MUNI_NOMB, ID_CONT, ID_PAIS) values (215,70,'COROZAL', 1, 170);
INSERT INTO MUNICIPIO (MUNI_CODI, DPTO_CODI, MUNI_NOMB, ID_CONT, ID_PAIS) values (221,70,'COVEÑAS', 1, 170);
INSERT INTO MUNICIPIO (MUNI_CODI, DPTO_CODI, MUNI_NOMB, ID_CONT, ID_PAIS) values (230,70,'CHALAN', 1, 170);
INSERT INTO MUNICIPIO (MUNI_CODI, DPTO_CODI, MUNI_NOMB, ID_CONT, ID_PAIS) values (235,70,'GALERAS', 1, 170);
INSERT INTO MUNICIPIO (MUNI_CODI, DPTO_CODI, MUNI_NOMB, ID_CONT, ID_PAIS) values (265,70,'GUARANDA', 1, 170);
INSERT INTO MUNICIPIO (MUNI_CODI, DPTO_CODI, MUNI_NOMB, ID_CONT, ID_PAIS) values (400,70,'LA UNION', 1, 170);
INSERT INTO MUNICIPIO (MUNI_CODI, DPTO_CODI, MUNI_NOMB, ID_CONT, ID_PAIS) values (418,70,'LOS PALMITOS', 1, 170);
INSERT INTO MUNICIPIO (MUNI_CODI, DPTO_CODI, MUNI_NOMB, ID_CONT, ID_PAIS) values (429,70,'MAJAGUAL', 1, 170);
INSERT INTO MUNICIPIO (MUNI_CODI, DPTO_CODI, MUNI_NOMB, ID_CONT, ID_PAIS) values (473,70,'MORROA', 1, 170);
INSERT INTO MUNICIPIO (MUNI_CODI, DPTO_CODI, MUNI_NOMB, ID_CONT, ID_PAIS) values (508,70,'OVEJAS', 1, 170);
INSERT INTO MUNICIPIO (MUNI_CODI, DPTO_CODI, MUNI_NOMB, ID_CONT, ID_PAIS) values (523,70,'PALMITO', 1, 170);
INSERT INTO MUNICIPIO (MUNI_CODI, DPTO_CODI, MUNI_NOMB, ID_CONT, ID_PAIS) values (670,70,'SAMPUES', 1, 170);
INSERT INTO MUNICIPIO (MUNI_CODI, DPTO_CODI, MUNI_NOMB, ID_CONT, ID_PAIS) values (678,70,'SAN BENITO ABAD', 1, 170);
INSERT INTO MUNICIPIO (MUNI_CODI, DPTO_CODI, MUNI_NOMB, ID_CONT, ID_PAIS) values (702,70,'SAN JUAN DE BETULIA', 1, 170);
INSERT INTO MUNICIPIO (MUNI_CODI, DPTO_CODI, MUNI_NOMB, ID_CONT, ID_PAIS) values (708,70,'SAN MARCOS', 1, 170);
INSERT INTO MUNICIPIO (MUNI_CODI, DPTO_CODI, MUNI_NOMB, ID_CONT, ID_PAIS) values (713,70,'SAN ONOFRE', 1, 170);
INSERT INTO MUNICIPIO (MUNI_CODI, DPTO_CODI, MUNI_NOMB, ID_CONT, ID_PAIS) values (717,70,'SAN PEDRO', 1, 170);
INSERT INTO MUNICIPIO (MUNI_CODI, DPTO_CODI, MUNI_NOMB, ID_CONT, ID_PAIS) values (742,70,'SINCE', 1, 170);
INSERT INTO MUNICIPIO (MUNI_CODI, DPTO_CODI, MUNI_NOMB, ID_CONT, ID_PAIS) values (771,70,'SUCRE', 1, 170);
INSERT INTO MUNICIPIO (MUNI_CODI, DPTO_CODI, MUNI_NOMB, ID_CONT, ID_PAIS) values (820,70,'TOLU', 1, 170);
INSERT INTO MUNICIPIO (MUNI_CODI, DPTO_CODI, MUNI_NOMB, ID_CONT, ID_PAIS) values (823,70,'TOLUVIEJO', 1, 170);
INSERT INTO MUNICIPIO (MUNI_CODI, DPTO_CODI, MUNI_NOMB, ID_CONT, ID_PAIS) values (1,73,'IBAGUE', 1, 170);
INSERT INTO MUNICIPIO (MUNI_CODI, DPTO_CODI, MUNI_NOMB, ID_CONT, ID_PAIS) values (24,73,'ALPUJARRA', 1, 170);
INSERT INTO MUNICIPIO (MUNI_CODI, DPTO_CODI, MUNI_NOMB, ID_CONT, ID_PAIS) values (26,73,'ALVARADO', 1, 170);
INSERT INTO MUNICIPIO (MUNI_CODI, DPTO_CODI, MUNI_NOMB, ID_CONT, ID_PAIS) values (30,73,'AMBALEMA', 1, 170);
INSERT INTO MUNICIPIO (MUNI_CODI, DPTO_CODI, MUNI_NOMB, ID_CONT, ID_PAIS) values (43,73,'ANZOATEGUI', 1, 170);
INSERT INTO MUNICIPIO (MUNI_CODI, DPTO_CODI, MUNI_NOMB, ID_CONT, ID_PAIS) values (55,73,'ARMERO', 1, 170);
INSERT INTO MUNICIPIO (MUNI_CODI, DPTO_CODI, MUNI_NOMB, ID_CONT, ID_PAIS) values (67,73,'ATACO', 1, 170);
INSERT INTO MUNICIPIO (MUNI_CODI, DPTO_CODI, MUNI_NOMB, ID_CONT, ID_PAIS) values (124,73,'CAJAMARCA', 1, 170);
INSERT INTO MUNICIPIO (MUNI_CODI, DPTO_CODI, MUNI_NOMB, ID_CONT, ID_PAIS) values (148,73,'CARMEN DE APICALA', 1, 170);
INSERT INTO MUNICIPIO (MUNI_CODI, DPTO_CODI, MUNI_NOMB, ID_CONT, ID_PAIS) values (152,73,'CASABIANCA', 1, 170);
INSERT INTO MUNICIPIO (MUNI_CODI, DPTO_CODI, MUNI_NOMB, ID_CONT, ID_PAIS) values (168,73,'CHAPARRAL', 1, 170);
INSERT INTO MUNICIPIO (MUNI_CODI, DPTO_CODI, MUNI_NOMB, ID_CONT, ID_PAIS) values (200,73,'COELLO', 1, 170);
INSERT INTO MUNICIPIO (MUNI_CODI, DPTO_CODI, MUNI_NOMB, ID_CONT, ID_PAIS) values (217,73,'COYAIMA', 1, 170);
INSERT INTO MUNICIPIO (MUNI_CODI, DPTO_CODI, MUNI_NOMB, ID_CONT, ID_PAIS) values (226,73,'CUNDAY', 1, 170);
INSERT INTO MUNICIPIO (MUNI_CODI, DPTO_CODI, MUNI_NOMB, ID_CONT, ID_PAIS) values (236,73,'DOLORES', 1, 170);
INSERT INTO MUNICIPIO (MUNI_CODI, DPTO_CODI, MUNI_NOMB, ID_CONT, ID_PAIS) values (268,73,'ESPINAL', 1, 170);
INSERT INTO MUNICIPIO (MUNI_CODI, DPTO_CODI, MUNI_NOMB, ID_CONT, ID_PAIS) values (270,73,'FALAN', 1, 170);
INSERT INTO MUNICIPIO (MUNI_CODI, DPTO_CODI, MUNI_NOMB, ID_CONT, ID_PAIS) values (275,73,'FLANDES', 1, 170);
INSERT INTO MUNICIPIO (MUNI_CODI, DPTO_CODI, MUNI_NOMB, ID_CONT, ID_PAIS) values (283,73,'FRESNO', 1, 170);
INSERT INTO MUNICIPIO (MUNI_CODI, DPTO_CODI, MUNI_NOMB, ID_CONT, ID_PAIS) values (319,73,'GUAMO', 1, 170);
INSERT INTO MUNICIPIO (MUNI_CODI, DPTO_CODI, MUNI_NOMB, ID_CONT, ID_PAIS) values (347,73,'HERVEO', 1, 170);
INSERT INTO MUNICIPIO (MUNI_CODI, DPTO_CODI, MUNI_NOMB, ID_CONT, ID_PAIS) values (349,73,'HONDA', 1, 170);
INSERT INTO MUNICIPIO (MUNI_CODI, DPTO_CODI, MUNI_NOMB, ID_CONT, ID_PAIS) values (352,73,'ICONONZO', 1, 170);
INSERT INTO MUNICIPIO (MUNI_CODI, DPTO_CODI, MUNI_NOMB, ID_CONT, ID_PAIS) values (408,73,'LERIDA', 1, 170);
INSERT INTO MUNICIPIO (MUNI_CODI, DPTO_CODI, MUNI_NOMB, ID_CONT, ID_PAIS) values (411,73,'LIBANO', 1, 170);
INSERT INTO MUNICIPIO (MUNI_CODI, DPTO_CODI, MUNI_NOMB, ID_CONT, ID_PAIS) values (443,73,'MARIQUITA', 1, 170);
INSERT INTO MUNICIPIO (MUNI_CODI, DPTO_CODI, MUNI_NOMB, ID_CONT, ID_PAIS) values (449,73,'MELGAR', 1, 170);
INSERT INTO MUNICIPIO (MUNI_CODI, DPTO_CODI, MUNI_NOMB, ID_CONT, ID_PAIS) values (461,73,'MURILLO', 1, 170);
INSERT INTO MUNICIPIO (MUNI_CODI, DPTO_CODI, MUNI_NOMB, ID_CONT, ID_PAIS) values (483,73,'NATAGAIMA', 1, 170);
INSERT INTO MUNICIPIO (MUNI_CODI, DPTO_CODI, MUNI_NOMB, ID_CONT, ID_PAIS) values (504,73,'ORTEGA', 1, 170);
INSERT INTO MUNICIPIO (MUNI_CODI, DPTO_CODI, MUNI_NOMB, ID_CONT, ID_PAIS) values (520,73,'PALOCABILDO', 1, 170);
INSERT INTO MUNICIPIO (MUNI_CODI, DPTO_CODI, MUNI_NOMB, ID_CONT, ID_PAIS) values (547,73,'PIEDRAS', 1, 170);
INSERT INTO MUNICIPIO (MUNI_CODI, DPTO_CODI, MUNI_NOMB, ID_CONT, ID_PAIS) values (555,73,'PLANADAS', 1, 170);
INSERT INTO MUNICIPIO (MUNI_CODI, DPTO_CODI, MUNI_NOMB, ID_CONT, ID_PAIS) values (563,73,'PRADO', 1, 170);
INSERT INTO MUNICIPIO (MUNI_CODI, DPTO_CODI, MUNI_NOMB, ID_CONT, ID_PAIS) values (585,73,'PURIFICACION', 1, 170);
INSERT INTO MUNICIPIO (MUNI_CODI, DPTO_CODI, MUNI_NOMB, ID_CONT, ID_PAIS) values (616,73,'RIOBLANCO', 1, 170);
INSERT INTO MUNICIPIO (MUNI_CODI, DPTO_CODI, MUNI_NOMB, ID_CONT, ID_PAIS) values (622,73,'RONCESVALLES', 1, 170);
INSERT INTO MUNICIPIO (MUNI_CODI, DPTO_CODI, MUNI_NOMB, ID_CONT, ID_PAIS) values (624,73,'ROVIRA', 1, 170);
INSERT INTO MUNICIPIO (MUNI_CODI, DPTO_CODI, MUNI_NOMB, ID_CONT, ID_PAIS) values (671,73,'SALDAÑA', 1, 170);
INSERT INTO MUNICIPIO (MUNI_CODI, DPTO_CODI, MUNI_NOMB, ID_CONT, ID_PAIS) values (675,73,'SAN ANTONIO', 1, 170);
INSERT INTO MUNICIPIO (MUNI_CODI, DPTO_CODI, MUNI_NOMB, ID_CONT, ID_PAIS) values (678,73,'SAN LUIS', 1, 170);
INSERT INTO MUNICIPIO (MUNI_CODI, DPTO_CODI, MUNI_NOMB, ID_CONT, ID_PAIS) values (686,73,'SANTA ISABEL', 1, 170);
INSERT INTO MUNICIPIO (MUNI_CODI, DPTO_CODI, MUNI_NOMB, ID_CONT, ID_PAIS) values (770,73,'SUAREZ', 1, 170);
INSERT INTO MUNICIPIO (MUNI_CODI, DPTO_CODI, MUNI_NOMB, ID_CONT, ID_PAIS) values (854,73,'VALLE DE SAN JUAN', 1, 170);
INSERT INTO MUNICIPIO (MUNI_CODI, DPTO_CODI, MUNI_NOMB, ID_CONT, ID_PAIS) values (861,73,'VENADILLO', 1, 170);
INSERT INTO MUNICIPIO (MUNI_CODI, DPTO_CODI, MUNI_NOMB, ID_CONT, ID_PAIS) values (870,73,'VILLAHERMOSA', 1, 170);
INSERT INTO MUNICIPIO (MUNI_CODI, DPTO_CODI, MUNI_NOMB, ID_CONT, ID_PAIS) values (873,73,'VILLARRICA', 1, 170);
INSERT INTO MUNICIPIO (MUNI_CODI, DPTO_CODI, MUNI_NOMB, ID_CONT, ID_PAIS) values (1,76,'CALI', 1, 170);
INSERT INTO MUNICIPIO (MUNI_CODI, DPTO_CODI, MUNI_NOMB, ID_CONT, ID_PAIS) values (20,76,'ALCALA', 1, 170);
INSERT INTO MUNICIPIO (MUNI_CODI, DPTO_CODI, MUNI_NOMB, ID_CONT, ID_PAIS) values (36,76,'ANDALUCIA', 1, 170);
INSERT INTO MUNICIPIO (MUNI_CODI, DPTO_CODI, MUNI_NOMB, ID_CONT, ID_PAIS) values (41,76,'ANSERMANUEVO', 1, 170);
INSERT INTO MUNICIPIO (MUNI_CODI, DPTO_CODI, MUNI_NOMB, ID_CONT, ID_PAIS) values (54,76,'ARGELIA', 1, 170);
INSERT INTO MUNICIPIO (MUNI_CODI, DPTO_CODI, MUNI_NOMB, ID_CONT, ID_PAIS) values (100,76,'BOLIVAR', 1, 170);
INSERT INTO MUNICIPIO (MUNI_CODI, DPTO_CODI, MUNI_NOMB, ID_CONT, ID_PAIS) values (109,76,'BUENAVENTURA', 1, 170);
INSERT INTO MUNICIPIO (MUNI_CODI, DPTO_CODI, MUNI_NOMB, ID_CONT, ID_PAIS) values (111,76,'BUGA', 1, 170);
INSERT INTO MUNICIPIO (MUNI_CODI, DPTO_CODI, MUNI_NOMB, ID_CONT, ID_PAIS) values (113,76,'BUGALAGRANDE', 1, 170);
INSERT INTO MUNICIPIO (MUNI_CODI, DPTO_CODI, MUNI_NOMB, ID_CONT, ID_PAIS) values (122,76,'CAICEDONIA', 1, 170);
INSERT INTO MUNICIPIO (MUNI_CODI, DPTO_CODI, MUNI_NOMB, ID_CONT, ID_PAIS) values (126,76,'CALIMA (DARIEN)', 1, 170);
INSERT INTO MUNICIPIO (MUNI_CODI, DPTO_CODI, MUNI_NOMB, ID_CONT, ID_PAIS) values (130,76,'CANDELARIA', 1, 170);
INSERT INTO MUNICIPIO (MUNI_CODI, DPTO_CODI, MUNI_NOMB, ID_CONT, ID_PAIS) values (147,76,'CARTAGO', 1, 170);
INSERT INTO MUNICIPIO (MUNI_CODI, DPTO_CODI, MUNI_NOMB, ID_CONT, ID_PAIS) values (233,76,'DAGUA', 1, 170);
INSERT INTO MUNICIPIO (MUNI_CODI, DPTO_CODI, MUNI_NOMB, ID_CONT, ID_PAIS) values (243,76,'EL AGUILA', 1, 170);
INSERT INTO MUNICIPIO (MUNI_CODI, DPTO_CODI, MUNI_NOMB, ID_CONT, ID_PAIS) values (246,76,'EL CAIRO', 1, 170);
INSERT INTO MUNICIPIO (MUNI_CODI, DPTO_CODI, MUNI_NOMB, ID_CONT, ID_PAIS) values (248,76,'EL CERRITO', 1, 170);
INSERT INTO MUNICIPIO (MUNI_CODI, DPTO_CODI, MUNI_NOMB, ID_CONT, ID_PAIS) values (250,76,'EL DOVIO', 1, 170);
INSERT INTO MUNICIPIO (MUNI_CODI, DPTO_CODI, MUNI_NOMB, ID_CONT, ID_PAIS) values (275,76,'FLORIDA', 1, 170);
INSERT INTO MUNICIPIO (MUNI_CODI, DPTO_CODI, MUNI_NOMB, ID_CONT, ID_PAIS) values (306,76,'GINEBRA', 1, 170);
INSERT INTO MUNICIPIO (MUNI_CODI, DPTO_CODI, MUNI_NOMB, ID_CONT, ID_PAIS) values (318,76,'GUACARI', 1, 170);
INSERT INTO MUNICIPIO (MUNI_CODI, DPTO_CODI, MUNI_NOMB, ID_CONT, ID_PAIS) values (364,76,'JAMUNDI', 1, 170);
INSERT INTO MUNICIPIO (MUNI_CODI, DPTO_CODI, MUNI_NOMB, ID_CONT, ID_PAIS) values (377,76,'LA CUMBRE', 1, 170);
INSERT INTO MUNICIPIO (MUNI_CODI, DPTO_CODI, MUNI_NOMB, ID_CONT, ID_PAIS) values (400,76,'LA UNION', 1, 170);
INSERT INTO MUNICIPIO (MUNI_CODI, DPTO_CODI, MUNI_NOMB, ID_CONT, ID_PAIS) values (403,76,'LA VICTORIA', 1, 170);
INSERT INTO MUNICIPIO (MUNI_CODI, DPTO_CODI, MUNI_NOMB, ID_CONT, ID_PAIS) values (497,76,'OBANDO', 1, 170);
INSERT INTO MUNICIPIO (MUNI_CODI, DPTO_CODI, MUNI_NOMB, ID_CONT, ID_PAIS) values (520,76,'PALMIRA', 1, 170);
INSERT INTO MUNICIPIO (MUNI_CODI, DPTO_CODI, MUNI_NOMB, ID_CONT, ID_PAIS) values (563,76,'PRADERA', 1, 170);
INSERT INTO MUNICIPIO (MUNI_CODI, DPTO_CODI, MUNI_NOMB, ID_CONT, ID_PAIS) values (606,76,'RESTREPO', 1, 170);
INSERT INTO MUNICIPIO (MUNI_CODI, DPTO_CODI, MUNI_NOMB, ID_CONT, ID_PAIS) values (616,76,'RIOFRIO', 1, 170);
INSERT INTO MUNICIPIO (MUNI_CODI, DPTO_CODI, MUNI_NOMB, ID_CONT, ID_PAIS) values (622,76,'ROLDANILLO', 1, 170);
INSERT INTO MUNICIPIO (MUNI_CODI, DPTO_CODI, MUNI_NOMB, ID_CONT, ID_PAIS) values (670,76,'SAN PEDRO', 1, 170);
INSERT INTO MUNICIPIO (MUNI_CODI, DPTO_CODI, MUNI_NOMB, ID_CONT, ID_PAIS) values (736,76,'SEVILLA', 1, 170);
INSERT INTO MUNICIPIO (MUNI_CODI, DPTO_CODI, MUNI_NOMB, ID_CONT, ID_PAIS) values (823,76,'TORO', 1, 170);
INSERT INTO MUNICIPIO (MUNI_CODI, DPTO_CODI, MUNI_NOMB, ID_CONT, ID_PAIS) values (828,76,'TRUJILLO', 1, 170);
INSERT INTO MUNICIPIO (MUNI_CODI, DPTO_CODI, MUNI_NOMB, ID_CONT, ID_PAIS) values (834,76,'TULUA', 1, 170);
INSERT INTO MUNICIPIO (MUNI_CODI, DPTO_CODI, MUNI_NOMB, ID_CONT, ID_PAIS) values (845,76,'ULLOA', 1, 170);
INSERT INTO MUNICIPIO (MUNI_CODI, DPTO_CODI, MUNI_NOMB, ID_CONT, ID_PAIS) values (863,76,'VERSALLES', 1, 170);
INSERT INTO MUNICIPIO (MUNI_CODI, DPTO_CODI, MUNI_NOMB, ID_CONT, ID_PAIS) values (869,76,'VIJES', 1, 170);
INSERT INTO MUNICIPIO (MUNI_CODI, DPTO_CODI, MUNI_NOMB, ID_CONT, ID_PAIS) values (890,76,'YOTOCO', 1, 170);
INSERT INTO MUNICIPIO (MUNI_CODI, DPTO_CODI, MUNI_NOMB, ID_CONT, ID_PAIS) values (892,76,'YUMBO', 1, 170);
INSERT INTO MUNICIPIO (MUNI_CODI, DPTO_CODI, MUNI_NOMB, ID_CONT, ID_PAIS) values (895,76,'ZARZAL', 1, 170);
INSERT INTO MUNICIPIO (MUNI_CODI, DPTO_CODI, MUNI_NOMB, ID_CONT, ID_PAIS) values (1,81,'ARAUCA', 1, 170);
INSERT INTO MUNICIPIO (MUNI_CODI, DPTO_CODI, MUNI_NOMB, ID_CONT, ID_PAIS) values (65,81,'ARAUQUITA', 1, 170);
INSERT INTO MUNICIPIO (MUNI_CODI, DPTO_CODI, MUNI_NOMB, ID_CONT, ID_PAIS) values (220,81,'CRAVO NORTE', 1, 170);
INSERT INTO MUNICIPIO (MUNI_CODI, DPTO_CODI, MUNI_NOMB, ID_CONT, ID_PAIS) values (300,81,'FORTUL', 1, 170);
INSERT INTO MUNICIPIO (MUNI_CODI, DPTO_CODI, MUNI_NOMB, ID_CONT, ID_PAIS) values (591,81,'PUERTO RONDON', 1, 170);
INSERT INTO MUNICIPIO (MUNI_CODI, DPTO_CODI, MUNI_NOMB, ID_CONT, ID_PAIS) values (736,81,'SARAVENA', 1, 170);
INSERT INTO MUNICIPIO (MUNI_CODI, DPTO_CODI, MUNI_NOMB, ID_CONT, ID_PAIS) values (794,81,'TAME', 1, 170);
INSERT INTO MUNICIPIO (MUNI_CODI, DPTO_CODI, MUNI_NOMB, ID_CONT, ID_PAIS) values (1,85,'YOPAL', 1, 170);
INSERT INTO MUNICIPIO (MUNI_CODI, DPTO_CODI, MUNI_NOMB, ID_CONT, ID_PAIS) values (10,85,'AGUAZUL', 1, 170);
INSERT INTO MUNICIPIO (MUNI_CODI, DPTO_CODI, MUNI_NOMB, ID_CONT, ID_PAIS) values (15,85,'CHAMEZA', 1, 170);
INSERT INTO MUNICIPIO (MUNI_CODI, DPTO_CODI, MUNI_NOMB, ID_CONT, ID_PAIS) values (125,85,'HATO COROZAL', 1, 170);
INSERT INTO MUNICIPIO (MUNI_CODI, DPTO_CODI, MUNI_NOMB, ID_CONT, ID_PAIS) values (136,85,'LA SALINA', 1, 170);
INSERT INTO MUNICIPIO (MUNI_CODI, DPTO_CODI, MUNI_NOMB, ID_CONT, ID_PAIS) values (139,85,'MANI', 1, 170);
INSERT INTO MUNICIPIO (MUNI_CODI, DPTO_CODI, MUNI_NOMB, ID_CONT, ID_PAIS) values (162,85,'MONTERREY', 1, 170);
INSERT INTO MUNICIPIO (MUNI_CODI, DPTO_CODI, MUNI_NOMB, ID_CONT, ID_PAIS) values (225,85,'NUNCHIA', 1, 170);
INSERT INTO MUNICIPIO (MUNI_CODI, DPTO_CODI, MUNI_NOMB, ID_CONT, ID_PAIS) values (230,85,'OROCUE', 1, 170);
INSERT INTO MUNICIPIO (MUNI_CODI, DPTO_CODI, MUNI_NOMB, ID_CONT, ID_PAIS) values (250,85,'PAZ DE ARIPORO', 1, 170);
INSERT INTO MUNICIPIO (MUNI_CODI, DPTO_CODI, MUNI_NOMB, ID_CONT, ID_PAIS) values (263,85,'PORE', 1, 170);
INSERT INTO MUNICIPIO (MUNI_CODI, DPTO_CODI, MUNI_NOMB, ID_CONT, ID_PAIS) values (279,85,'RECETOR', 1, 170);
INSERT INTO MUNICIPIO (MUNI_CODI, DPTO_CODI, MUNI_NOMB, ID_CONT, ID_PAIS) values (300,85,'SABANALARGA', 1, 170);
INSERT INTO MUNICIPIO (MUNI_CODI, DPTO_CODI, MUNI_NOMB, ID_CONT, ID_PAIS) values (315,85,'SACAMA', 1, 170);
INSERT INTO MUNICIPIO (MUNI_CODI, DPTO_CODI, MUNI_NOMB, ID_CONT, ID_PAIS) values (325,85,'SAN LUIS DE PALENQUE', 1, 170);
INSERT INTO MUNICIPIO (MUNI_CODI, DPTO_CODI, MUNI_NOMB, ID_CONT, ID_PAIS) values (400,85,'TAMARA', 1, 170);
INSERT INTO MUNICIPIO (MUNI_CODI, DPTO_CODI, MUNI_NOMB, ID_CONT, ID_PAIS) values (410,85,'TAURAMENA', 1, 170);
INSERT INTO MUNICIPIO (MUNI_CODI, DPTO_CODI, MUNI_NOMB, ID_CONT, ID_PAIS) values (430,85,'TRINIDAD', 1, 170);
INSERT INTO MUNICIPIO (MUNI_CODI, DPTO_CODI, MUNI_NOMB, ID_CONT, ID_PAIS) values (440,85,'VILLANUEVA', 1, 170);
INSERT INTO MUNICIPIO (MUNI_CODI, DPTO_CODI, MUNI_NOMB, ID_CONT, ID_PAIS) values (1,86,'MOCOA', 1, 170);
INSERT INTO MUNICIPIO (MUNI_CODI, DPTO_CODI, MUNI_NOMB, ID_CONT, ID_PAIS) values (219,86,'COLON', 1, 170);
INSERT INTO MUNICIPIO (MUNI_CODI, DPTO_CODI, MUNI_NOMB, ID_CONT, ID_PAIS) values (320,86,'ORITO', 1, 170);
INSERT INTO MUNICIPIO (MUNI_CODI, DPTO_CODI, MUNI_NOMB, ID_CONT, ID_PAIS) values (568,86,'PUERTO ASIS', 1, 170);
INSERT INTO MUNICIPIO (MUNI_CODI, DPTO_CODI, MUNI_NOMB, ID_CONT, ID_PAIS) values (569,86,'PUERTO CAICEDO', 1, 170);
INSERT INTO MUNICIPIO (MUNI_CODI, DPTO_CODI, MUNI_NOMB, ID_CONT, ID_PAIS) values (571,86,'PUERTO GUZMAN', 1, 170);
INSERT INTO MUNICIPIO (MUNI_CODI, DPTO_CODI, MUNI_NOMB, ID_CONT, ID_PAIS) values (573,86,'PUERTO  LEGUIZAMO', 1, 170);
INSERT INTO MUNICIPIO (MUNI_CODI, DPTO_CODI, MUNI_NOMB, ID_CONT, ID_PAIS) values (749,86,'SIBUNDOY', 1, 170);
INSERT INTO MUNICIPIO (MUNI_CODI, DPTO_CODI, MUNI_NOMB, ID_CONT, ID_PAIS) values (755,86,'SAN FRANCISCO', 1, 170);
INSERT INTO MUNICIPIO (MUNI_CODI, DPTO_CODI, MUNI_NOMB, ID_CONT, ID_PAIS) values (757,86,'SAN MIGUEL', 1, 170);
INSERT INTO MUNICIPIO (MUNI_CODI, DPTO_CODI, MUNI_NOMB, ID_CONT, ID_PAIS) values (760,86,'SANTIAGO', 1, 170);
INSERT INTO MUNICIPIO (MUNI_CODI, DPTO_CODI, MUNI_NOMB, ID_CONT, ID_PAIS) values (865,86,'VALLE GUAMUEZ', 1, 170);
INSERT INTO MUNICIPIO (MUNI_CODI, DPTO_CODI, MUNI_NOMB, ID_CONT, ID_PAIS) values (885,86,'VILLAGARZON', 1, 170);
INSERT INTO MUNICIPIO (MUNI_CODI, DPTO_CODI, MUNI_NOMB, ID_CONT, ID_PAIS) values (1,88,'SAN ANDRES', 1, 170);
INSERT INTO MUNICIPIO (MUNI_CODI, DPTO_CODI, MUNI_NOMB, ID_CONT, ID_PAIS) values (564,88,'PROVIDENCIA', 1, 170);
INSERT INTO MUNICIPIO (MUNI_CODI, DPTO_CODI, MUNI_NOMB, ID_CONT, ID_PAIS) values (1,91,'LETICIA', 1, 170);
INSERT INTO MUNICIPIO (MUNI_CODI, DPTO_CODI, MUNI_NOMB, ID_CONT, ID_PAIS) values (263,91,'EL ENCANTO', 1, 170);
INSERT INTO MUNICIPIO (MUNI_CODI, DPTO_CODI, MUNI_NOMB, ID_CONT, ID_PAIS) values (405,91,'LA CHORRERA', 1, 170);
INSERT INTO MUNICIPIO (MUNI_CODI, DPTO_CODI, MUNI_NOMB, ID_CONT, ID_PAIS) values (407,91,'LA PEDRERA', 1, 170);
INSERT INTO MUNICIPIO (MUNI_CODI, DPTO_CODI, MUNI_NOMB, ID_CONT, ID_PAIS) values (430,91,'LA VICTORIA', 1, 170);
INSERT INTO MUNICIPIO (MUNI_CODI, DPTO_CODI, MUNI_NOMB, ID_CONT, ID_PAIS) values (460,91,'MIRITI-PARANA', 1, 170);
INSERT INTO MUNICIPIO (MUNI_CODI, DPTO_CODI, MUNI_NOMB, ID_CONT, ID_PAIS) values (530,91,'PUERTO ALEGRIA', 1, 170);
INSERT INTO MUNICIPIO (MUNI_CODI, DPTO_CODI, MUNI_NOMB, ID_CONT, ID_PAIS) values (536,91,'PUERTO ARICA', 1, 170);
INSERT INTO MUNICIPIO (MUNI_CODI, DPTO_CODI, MUNI_NOMB, ID_CONT, ID_PAIS) values (540,91,'PUERTO NARIÑO', 1, 170);
INSERT INTO MUNICIPIO (MUNI_CODI, DPTO_CODI, MUNI_NOMB, ID_CONT, ID_PAIS) values (669,91,'PTO SANTANDER', 1, 170);
INSERT INTO MUNICIPIO (MUNI_CODI, DPTO_CODI, MUNI_NOMB, ID_CONT, ID_PAIS) values (798,91,'TARAPACA', 1, 170);
INSERT INTO MUNICIPIO (MUNI_CODI, DPTO_CODI, MUNI_NOMB, ID_CONT, ID_PAIS) values (1,94,'INIRIDA', 1, 170);
INSERT INTO MUNICIPIO (MUNI_CODI, DPTO_CODI, MUNI_NOMB, ID_CONT, ID_PAIS) values (343,94,'GUAVIARE', 1, 170);
INSERT INTO MUNICIPIO (MUNI_CODI, DPTO_CODI, MUNI_NOMB, ID_CONT, ID_PAIS) values (883,94,'SAN FELIPE', 1, 170);
INSERT INTO MUNICIPIO (MUNI_CODI, DPTO_CODI, MUNI_NOMB, ID_CONT, ID_PAIS) values (884,94,'PUERTO COLOMBIA', 1, 170);
INSERT INTO MUNICIPIO (MUNI_CODI, DPTO_CODI, MUNI_NOMB, ID_CONT, ID_PAIS) values (885,94,'LA GUADALUPE', 1, 170);
INSERT INTO MUNICIPIO (MUNI_CODI, DPTO_CODI, MUNI_NOMB, ID_CONT, ID_PAIS) values (886,94,'CACAHUAL', 1, 170);
INSERT INTO MUNICIPIO (MUNI_CODI, DPTO_CODI, MUNI_NOMB, ID_CONT, ID_PAIS) values (887,94,'PANA PANA', 1, 170);
INSERT INTO MUNICIPIO (MUNI_CODI, DPTO_CODI, MUNI_NOMB, ID_CONT, ID_PAIS) values (888,94,'CD. MORICHAL NUEVO', 1, 170);
INSERT INTO MUNICIPIO (MUNI_CODI, DPTO_CODI, MUNI_NOMB, ID_CONT, ID_PAIS) values (1,95,'SAN JOSE DEL GUAVIARE', 1, 170);
INSERT INTO MUNICIPIO (MUNI_CODI, DPTO_CODI, MUNI_NOMB, ID_CONT, ID_PAIS) values (15,95,'CALAMAR', 1, 170);
INSERT INTO MUNICIPIO (MUNI_CODI, DPTO_CODI, MUNI_NOMB, ID_CONT, ID_PAIS) values (25,95,'EL RETORNO', 1, 170);
INSERT INTO MUNICIPIO (MUNI_CODI, DPTO_CODI, MUNI_NOMB, ID_CONT, ID_PAIS) values (200,95,'MIRAFLORES', 1, 170);
INSERT INTO MUNICIPIO (MUNI_CODI, DPTO_CODI, MUNI_NOMB, ID_CONT, ID_PAIS) values (1,97,'MITU', 1, 170);
INSERT INTO MUNICIPIO (MUNI_CODI, DPTO_CODI, MUNI_NOMB, ID_CONT, ID_PAIS) values (161,97,'CARURU', 1, 170);
INSERT INTO MUNICIPIO (MUNI_CODI, DPTO_CODI, MUNI_NOMB, ID_CONT, ID_PAIS) values (511,97,'PACOA', 1, 170);
INSERT INTO MUNICIPIO (MUNI_CODI, DPTO_CODI, MUNI_NOMB, ID_CONT, ID_PAIS) values (666,97,'TARAIRA', 1, 170);
INSERT INTO MUNICIPIO (MUNI_CODI, DPTO_CODI, MUNI_NOMB, ID_CONT, ID_PAIS) values (777,97,'PAPUNAUA', 1, 170);
INSERT INTO MUNICIPIO (MUNI_CODI, DPTO_CODI, MUNI_NOMB, ID_CONT, ID_PAIS) values (889,97,'YAVARATE', 1, 170);
INSERT INTO MUNICIPIO (MUNI_CODI, DPTO_CODI, MUNI_NOMB, ID_CONT, ID_PAIS) values (890,97,'VILLA FATIMA', 1, 170);
INSERT INTO MUNICIPIO (MUNI_CODI, DPTO_CODI, MUNI_NOMB, ID_CONT, ID_PAIS) values (891,97,'ACARICUARA', 1, 170);
INSERT INTO MUNICIPIO (MUNI_CODI, DPTO_CODI, MUNI_NOMB, ID_CONT, ID_PAIS) values (1,99,'PUERTO CARRENO', 1, 170);
INSERT INTO MUNICIPIO (MUNI_CODI, DPTO_CODI, MUNI_NOMB, ID_CONT, ID_PAIS) values (524,99,'LA PRIMAVERA', 1, 170);
INSERT INTO MUNICIPIO (MUNI_CODI, DPTO_CODI, MUNI_NOMB, ID_CONT, ID_PAIS) values (572,99,'SANTA RITA', 1, 170);
INSERT INTO MUNICIPIO (MUNI_CODI, DPTO_CODI, MUNI_NOMB, ID_CONT, ID_PAIS) values (624,99,'SANTA ROSALIA', 1, 170);
INSERT INTO MUNICIPIO (MUNI_CODI, DPTO_CODI, MUNI_NOMB, ID_CONT, ID_PAIS) values (760,99,'SAN JOSE DE OCUNE', 1, 170);
INSERT INTO MUNICIPIO (MUNI_CODI, DPTO_CODI, MUNI_NOMB, ID_CONT, ID_PAIS) values (773,99,'CUMARIBO', 1, 170);
INSERT INTO MUNICIPIO (MUNI_CODI, DPTO_CODI, MUNI_NOMB, ID_CONT, ID_PAIS) values (1,1,'QUITO', 1, 218);
DELETE FROM USUARIO;
DELETE FROM DEPENDENCIA;
INSERT INTO DEPENDENCIA (DEPE_CODI, DEPE_NOMB, DPTO_CODI, DEPE_CODI_PADRE, MUNI_CODI, DEPE_CODI_TERRITORIAL, DEP_SIGLA, DEP_CENTRAL, DEP_DIRECCION, ID_CONT, ID_PAIS,DEPE_ESTADO) values (999,'Dependencia de Salida',11,null,1,999,null,null,null,1,170,1);
INSERT INTO USUARIO (USUA_LOGIN, USUA_CODI, DEPE_CODI, USUA_FECH_CREA, USUA_PASW, USUA_ESTA, USUA_NOMB, USUA_NUEVO, USUA_DOC, USUA_ADMIN_SISTEMA) values ('DSALIDA', 1, 999, CURRENT_DATE, 'a', 1, 'Usuario Dsalida', 0, '1234567890', 0);
INSERT INTO USUARIO (USUA_LOGIN, USUA_CODI, DEPE_CODI, USUA_FECH_CREA, USUA_PASW, USUA_ESTA, USUA_NOMB, USUA_NUEVO, USUA_DOC, USUA_ADMIN_SISTEMA) values ('ADMON', 1, 999, CURRENT_DATE, 'a', 1, 'Usuario Administrador', 0, '9876543210', 1);
DELETE FROM SGD_ENVE_ENVIOESPECIAL;
DELETE FROM SGD_FENV_FRMENVIO;
INSERT INTO SGD_FENV_FRMENVIO VALUES (101,'CERTIFICADO',1,1);
INSERT INTO SGD_FENV_FRMENVIO VALUES (102,'SERVIENTREGA',0,1);
INSERT INTO SGD_FENV_FRMENVIO VALUES (103,'ENTREGA PERSONAL',0,1);
INSERT INTO SGD_FENV_FRMENVIO VALUES (104,'FAX',0,1);
INSERT INTO SGD_FENV_FRMENVIO VALUES (105,'POSTEXPRESS',1,1);
INSERT INTO SGD_FENV_FRMENVIO VALUES (106,'CORREO ELECTRONICO',0,1);
INSERT INTO SGD_FENV_FRMENVIO VALUES (107,'CORRA',0,1);
INSERT INTO SGD_FENV_FRMENVIO VALUES (108,'NORMAL',1,1);
INSERT INTO SGD_FENV_FRMENVIO VALUES (109,'CERTIFICADO CON ACUSE',1,1);
INSERT INTO SGD_FENV_FRMENVIO VALUES (901,'NO ENVIADO',0,1);
INSERT INTO SGD_ENVE_ENVIOESPECIAL (SGD_FENV_CODIGO,SGD_ENVE_VALORL,SGD_ENVE_VALORN,SGD_ENVE_DESC) VALUES (109,1200,1200,'Valor descuento automatico');
INSERT INTO SGD_ENVE_ENVIOESPECIAL (SGD_FENV_CODIGO,SGD_ENVE_VALORL,SGD_ENVE_VALORN,SGD_ENVE_DESC) VALUES (109,160,160,'Valor alistamiento');
INSERT INTO SGD_ENVE_ENVIOESPECIAL (SGD_FENV_CODIGO,SGD_ENVE_VALORL,SGD_ENVE_VALORN,SGD_ENVE_DESC) VALUES (109,1300,3300,'Valor cert. acuse recibido');
DELETE FROM MEDIO_RECEPCION;
INSERT INTO MEDIO_RECEPCION (MREC_CODI,MREC_DESC) VALUES (1,'Correo');
INSERT INTO MEDIO_RECEPCION (MREC_CODI,MREC_DESC) VALUES (2,'Fax');
INSERT INTO MEDIO_RECEPCION (MREC_CODI,MREC_DESC) VALUES (3,'Internet');
INSERT INTO MEDIO_RECEPCION (MREC_CODI,MREC_DESC) VALUES (4,'Mail');
INSERT INTO MEDIO_RECEPCION (MREC_CODI,MREC_DESC) VALUES (5,'Personal');
INSERT INTO MEDIO_RECEPCION (MREC_CODI,MREC_DESC) VALUES (6,'Telefonico');
INSERT INTO MEDIO_RECEPCION (MREC_CODI,MREC_DESC) VALUES (7,'Atn. Personalizada');
DELETE FROM SGD_DEVE_DEV_ENVIO;
INSERT INTO SGD_DEVE_DEV_ENVIO (SGD_DEVE_CODIGO,SGD_DEVE_DESC) VALUES(1,'CASA DESOCUPADA');
INSERT INTO SGD_DEVE_DEV_ENVIO (SGD_DEVE_CODIGO,SGD_DEVE_DESC) VALUES(2,'CAMBIO DE DOMICILIO');
INSERT INTO SGD_DEVE_DEV_ENVIO (SGD_DEVE_CODIGO,SGD_DEVE_DESC) VALUES(3,'CERRADO');
INSERT INTO SGD_DEVE_DEV_ENVIO (SGD_DEVE_CODIGO,SGD_DEVE_DESC) values(5,'DEVUELTO DE PORTERIA');
INSERT INTO SGD_DEVE_DEV_ENVIO (SGD_DEVE_CODIGO,SGD_DEVE_DESC) values(6,'DIRECCION DEFICIENTE');
INSERT INTO SGD_DEVE_DEV_ENVIO (SGD_DEVE_CODIGO,SGD_DEVE_DESC) values(7,'FALLECIDO');
INSERT INTO SGD_DEVE_DEV_ENVIO (SGD_DEVE_CODIGO,SGD_DEVE_DESC) values(8,'NO EXISTE NUMERO');
INSERT INTO SGD_DEVE_DEV_ENVIO (SGD_DEVE_CODIGO,SGD_DEVE_DESC) values(9,'NO RESIDE');
INSERT INTO SGD_DEVE_DEV_ENVIO (SGD_DEVE_CODIGO,SGD_DEVE_DESC) values(10,'NO RECLAMADO');
INSERT INTO SGD_DEVE_DEV_ENVIO (SGD_DEVE_CODIGO,SGD_DEVE_DESC) values(11,'REHUSADO');
INSERT INTO SGD_DEVE_DEV_ENVIO (SGD_DEVE_CODIGO,SGD_DEVE_DESC) values(12,'SE TRASLADO');
INSERT INTO SGD_DEVE_DEV_ENVIO (SGD_DEVE_CODIGO,SGD_DEVE_DESC) values(13,'NO EXISTE EMPRESA');
INSERT INTO SGD_DEVE_DEV_ENVIO (SGD_DEVE_CODIGO,SGD_DEVE_DESC) values(14,'ZONA DE ALTO RIESGO');
INSERT INTO SGD_DEVE_DEV_ENVIO (SGD_DEVE_CODIGO,SGD_DEVE_DESC) values(15,'SOBRE DESOCUPADO');
INSERT INTO SGD_DEVE_DEV_ENVIO (SGD_DEVE_CODIGO,SGD_DEVE_DESC) values(16,'FUERA PERIMETRO URBANO');
INSERT INTO SGD_DEVE_DEV_ENVIO (SGD_DEVE_CODIGO,SGD_DEVE_DESC) values(17,'ENVIADO A ADPOSTAL, CONTROL DE CALIDAD');
INSERT INTO SGD_DEVE_DEV_ENVIO (SGD_DEVE_CODIGO,SGD_DEVE_DESC) values(18,'SIN SELLO');
INSERT INTO SGD_DEVE_DEV_ENVIO (SGD_DEVE_CODIGO,SGD_DEVE_DESC) values(90,'DOCUMENTO MAL RADICADO');
INSERT INTO SGD_DEVE_DEV_ENVIO (SGD_DEVE_CODIGO,SGD_DEVE_DESC) values(99,'SOBREPASO TIEMPO DE ESPERA');
DELETE FROM SGD_COB_CAMPOBLIGA;
DELETE FROM SGD_TIDM_TIDOCMASIVA;
INSERT INTO SGD_TIDM_TIDOCMASIVA (SGD_TIDM_CODI, SGD_TIDM_DESC) values (1,'PLANTILLA');
INSERT INTO SGD_TIDM_TIDOCMASIVA (SGD_TIDM_CODI, SGD_TIDM_DESC) values (2,'CSV');
INSERT INTO SGD_COB_CAMPOBLIGA (SGD_COB_CODI, SGD_COB_DESC, SGD_COB_LABEL, SGD_TIDM_CODI) values(2,'NOMBRE','NOMBRE',1);
INSERT INTO SGD_COB_CAMPOBLIGA (SGD_COB_CODI, SGD_COB_DESC, SGD_COB_LABEL, SGD_TIDM_CODI) values(3,'MUNI_NOMBRE','MUNI_NOMBRE',1);
INSERT INTO SGD_COB_CAMPOBLIGA (SGD_COB_CODI, SGD_COB_DESC, SGD_COB_LABEL, SGD_TIDM_CODI) values(4,'DEPTO_NOMBRE','DEPTO_NOMBRE',1);
INSERT INTO SGD_COB_CAMPOBLIGA (SGD_COB_CODI, SGD_COB_DESC, SGD_COB_LABEL, SGD_TIDM_CODI) values(5,'F_RAD_S','F_RAD_S',1);
INSERT INTO SGD_COB_CAMPOBLIGA (SGD_COB_CODI, SGD_COB_DESC, SGD_COB_LABEL, SGD_TIDM_CODI) values(6,'TIPO','TIPO',2);
INSERT INTO SGD_COB_CAMPOBLIGA (SGD_COB_CODI, SGD_COB_DESC, SGD_COB_LABEL, SGD_TIDM_CODI) values(7,'NOMBRE','NOMBRE',2);
INSERT INTO SGD_COB_CAMPOBLIGA (SGD_COB_CODI, SGD_COB_DESC, SGD_COB_LABEL, SGD_TIDM_CODI) values(8,'MUNI_NOMBRE','MUNI_NOMBRE',2);
INSERT INTO SGD_COB_CAMPOBLIGA (SGD_COB_CODI, SGD_COB_DESC, SGD_COB_LABEL, SGD_TIDM_CODI) values(9,'DEPTO_NOMBRE','DEPTO_NOMBRE',2);
INSERT INTO SGD_COB_CAMPOBLIGA (SGD_COB_CODI, SGD_COB_DESC, SGD_COB_LABEL, SGD_TIDM_CODI) values(10,'DIR','DIR',2);
INSERT INTO SGD_COB_CAMPOBLIGA (SGD_COB_CODI, SGD_COB_DESC, SGD_COB_LABEL, SGD_TIDM_CODI) values(1,'PAIS_NOMBRE','PAIS_NOMBRE',2);
DELETE FROM SGD_NOT_NOTIFICACION;
INSERT INTO SGD_NOT_NOTIFICACION (SGD_NOT_CODI, SGD_NOT_DESCRIP) values(1,'PERSONAL');
INSERT INTO SGD_NOT_NOTIFICACION (SGD_NOT_CODI, SGD_NOT_DESCRIP) values(2,'TELEFONICA');
DELETE FROM SGD_EANU_ESTANULACION;
INSERT INTO SGD_EANU_ESTANULACION (SGD_EANU_CODI, SGD_EANU_DESC) values(1,'RADICADO EN SOLICITUD DE ANULACION');
INSERT INTO SGD_EANU_ESTANULACION (SGD_EANU_CODI, SGD_EANU_DESC) values(2,'RADICADO ANULADO');
INSERT INTO SGD_EANU_ESTANULACION (SGD_EANU_CODI, SGD_EANU_DESC) values(3,'RADICADO EN SOLICITUD DE REVIVIR');
INSERT INTO SGD_EANU_ESTANULACION (SGD_EANU_CODI, SGD_EANU_DESC) values(9,'RADICADO IMPOSIBLE DE ANULAR');
DELETE FROM SGD_PARAMETRO;
INSERT INTO SGD_PARAMETRO (PARAM_CODI, PARAM_NOMB, PARAM_VALOR) values(5,'PRESTAMO_ESTADO','Prestamo indefinido');
INSERT INTO SGD_PARAMETRO (PARAM_CODI, PARAM_NOMB, PARAM_VALOR) values(1,'PRESTAMO_REQUERIMIENTO','Documento');
INSERT INTO SGD_PARAMETRO (PARAM_CODI, PARAM_NOMB, PARAM_VALOR) values(2,'PRESTAMO_REQUERIMIENTO','Anexo');
INSERT INTO SGD_PARAMETRO (PARAM_CODI, PARAM_NOMB, PARAM_VALOR) values(3,'PRESTAMO_REQUERIMIENTO','Anexo y Documento');
INSERT INTO SGD_PARAMETRO (PARAM_CODI, PARAM_NOMB, PARAM_VALOR) values(1,'PRESTAMO_DIAS_PREST',8);
INSERT INTO SGD_PARAMETRO (PARAM_CODI, PARAM_NOMB, PARAM_VALOR) values(1,'PRESTAMO_DIAS_CANC',2);
INSERT INTO SGD_PARAMETRO (PARAM_CODI, PARAM_NOMB, PARAM_VALOR) values(1,'PRESTAMO_PASW',1);
INSERT INTO SGD_PARAMETRO (PARAM_CODI, PARAM_NOMB, PARAM_VALOR) values(4,'PRESTAMO_ESTADO','Cancelado');
INSERT INTO SGD_PARAMETRO (PARAM_CODI, PARAM_NOMB, PARAM_VALOR) values(3,'PRESTAMO_ESTADO','Devuelto');
INSERT INTO SGD_PARAMETRO (PARAM_CODI, PARAM_NOMB, PARAM_VALOR) values(2,'PRESTAMO_ESTADO','Prestado');
INSERT INTO SGD_PARAMETRO (PARAM_CODI, PARAM_NOMB, PARAM_VALOR) values(1,'PRESTAMO_ESTADO','Solicitado');
DELETE FROM TIPO_REMITENTE;
INSERT INTO TIPO_REMITENTE (TRTE_CODI, TRTE_DESC) values (0,'Entidades');
INSERT INTO TIPO_REMITENTE (TRTE_CODI, TRTE_DESC) values (1,'Otras empresas');
INSERT INTO TIPO_REMITENTE (TRTE_CODI, TRTE_DESC) values (2,'Persona natural');
INSERT INTO TIPO_REMITENTE (TRTE_CODI, TRTE_DESC) values (3,'Predio');
INSERT INTO TIPO_REMITENTE (TRTE_CODI, TRTE_DESC) values (5,'Otros');
INSERT INTO TIPO_REMITENTE (TRTE_CODI, TRTE_DESC) values (6,'Funcionario');
DELETE FROM TIPO_DOC_IDENTIFICACION;
INSERT INTO TIPO_DOC_IDENTIFICACION (TDID_CODI, TDID_DESC) values (0,'Cedula de Ciudadania');
INSERT INTO TIPO_DOC_IDENTIFICACION (TDID_CODI, TDID_DESC) values (1,'Tarjeta de Identidad');
INSERT INTO TIPO_DOC_IDENTIFICACION (TDID_CODI, TDID_DESC) values (2,'Cedula de Extranjeria');
INSERT INTO TIPO_DOC_IDENTIFICACION (TDID_CODI, TDID_DESC) values (3,'Pasaporte');
INSERT INTO TIPO_DOC_IDENTIFICACION (TDID_CODI, TDID_DESC) values (4,'Nit');
INSERT INTO TIPO_DOC_IDENTIFICACION (TDID_CODI, TDID_DESC) values (5,'NUIR');
DELETE FROM SGD_USM_USUMODIFICA;
INSERT INTO SGD_USM_USUMODIFICA (SGD_USM_MODCOD, SGD_USM_MODDESCR) values(1,'Creacion de usuario');
INSERT INTO SGD_USM_USUMODIFICA (SGD_USM_MODCOD, SGD_USM_MODDESCR) values(3,'Cambio dependencia');
INSERT INTO SGD_USM_USUMODIFICA (SGD_USM_MODCOD, SGD_USM_MODDESCR) values(4,'Cambio cedula');
INSERT INTO SGD_USM_USUMODIFICA (SGD_USM_MODCOD, SGD_USM_MODDESCR) values(5,'Cambio nombre');
INSERT INTO SGD_USM_USUMODIFICA (SGD_USM_MODCOD, SGD_USM_MODDESCR) values(6,'Cambio de Login');
INSERT INTO SGD_USM_USUMODIFICA (SGD_USM_MODCOD, SGD_USM_MODDESCR) values(7,'Cambio ubicacion');
INSERT INTO SGD_USM_USUMODIFICA (SGD_USM_MODCOD, SGD_USM_MODDESCR) values(8,'Cambio piso');
INSERT INTO SGD_USM_USUMODIFICA (SGD_USM_MODCOD, SGD_USM_MODDESCR) values(9,'Cambio estado');
INSERT INTO SGD_USM_USUMODIFICA (SGD_USM_MODCOD, SGD_USM_MODDESCR) values(10,'Otorgo permiso radicacion entrada');
INSERT INTO SGD_USM_USUMODIFICA (SGD_USM_MODCOD, SGD_USM_MODDESCR) values(11,'Otorgo permisos radicacion de entrada');
INSERT INTO SGD_USM_USUMODIFICA (SGD_USM_MODCOD, SGD_USM_MODDESCR) values(12,'Quito permiso administracion sistema');
INSERT INTO SGD_USM_USUMODIFICA (SGD_USM_MODCOD, SGD_USM_MODDESCR) values(13,'Otorgo permiso administracion sistema');
INSERT INTO SGD_USM_USUMODIFICA (SGD_USM_MODCOD, SGD_USM_MODDESCR) values(14,'Quito permiso administracion archivo');
INSERT INTO SGD_USM_USUMODIFICA (SGD_USM_MODCOD, SGD_USM_MODDESCR) values(15,'Otorgo permiso administracion archivo');
INSERT INTO SGD_USM_USUMODIFICA (SGD_USM_MODCOD, SGD_USM_MODDESCR) values(16,'Habilitado como usuario nuevo');
INSERT INTO SGD_USM_USUMODIFICA (SGD_USM_MODCOD, SGD_USM_MODDESCR) values(17,'Habilitado como usuario antiguo con clave');
INSERT INTO SGD_USM_USUMODIFICA (SGD_USM_MODCOD, SGD_USM_MODDESCR) values(18,'Cambio nivel');
INSERT INTO SGD_USM_USUMODIFICA (SGD_USM_MODCOD, SGD_USM_MODDESCR) values(19,'Otorgo permiso radicacion salida');
INSERT INTO SGD_USM_USUMODIFICA (SGD_USM_MODCOD, SGD_USM_MODDESCR) values(20,'Otorgo permiso impresion');
INSERT INTO SGD_USM_USUMODIFICA (SGD_USM_MODCOD, SGD_USM_MODDESCR) values(21,'Otorgo permiso radicacion masiva');
INSERT INTO SGD_USM_USUMODIFICA (SGD_USM_MODCOD, SGD_USM_MODDESCR) values(22,'Quito permiso radicacion masiva');
INSERT INTO SGD_USM_USUMODIFICA (SGD_USM_MODCOD, SGD_USM_MODDESCR) values(23,'Quito permiso devoluciones de correo');
INSERT INTO SGD_USM_USUMODIFICA (SGD_USM_MODCOD, SGD_USM_MODDESCR) values(24,'Otorgo permiso devoluciones de correo');
INSERT INTO SGD_USM_USUMODIFICA (SGD_USM_MODCOD, SGD_USM_MODDESCR) values(25,'Otorgo permiso de solicitud de anulacion');
INSERT INTO SGD_USM_USUMODIFICA (SGD_USM_MODCOD, SGD_USM_MODDESCR) values(26,'Otorgo permiso de anulacion');
INSERT INTO SGD_USM_USUMODIFICA (SGD_USM_MODCOD, SGD_USM_MODDESCR) values(27,'Otorgo permiso de solicitud de anulacion y anulacion');
INSERT INTO SGD_USM_USUMODIFICA (SGD_USM_MODCOD, SGD_USM_MODDESCR) values(28,'Quito permiso radicacion memorandos');
INSERT INTO SGD_USM_USUMODIFICA (SGD_USM_MODCOD, SGD_USM_MODDESCR) values(29,'Otorgo permiso radicacion memorandos');
INSERT INTO SGD_USM_USUMODIFICA (SGD_USM_MODCOD, SGD_USM_MODDESCR) values(30,'Quito permiso radicacion resoluciones');
INSERT INTO SGD_USM_USUMODIFICA (SGD_USM_MODCOD, SGD_USM_MODDESCR) values(31,'Otorgo permiso radicacion resoluciones');
INSERT INTO SGD_USM_USUMODIFICA (SGD_USM_MODCOD, SGD_USM_MODDESCR) values(33,'Quito permiso envio de correo');
INSERT INTO SGD_USM_USUMODIFICA (SGD_USM_MODCOD, SGD_USM_MODDESCR) values(34,'Otorgo permiso envio de correo');
INSERT INTO SGD_USM_USUMODIFICA (SGD_USM_MODCOD, SGD_USM_MODDESCR) values(35,'Otorgo permiso radicacion de salida ');
INSERT INTO SGD_USM_USUMODIFICA (SGD_USM_MODCOD, SGD_USM_MODDESCR) values(39,'Cambio extension');
INSERT INTO SGD_USM_USUMODIFICA (SGD_USM_MODCOD, SGD_USM_MODDESCR) values(40,'Cambio email');
INSERT INTO SGD_USM_USUMODIFICA (SGD_USM_MODCOD, SGD_USM_MODDESCR) values(41,'Quito permisos radicacion entrada');
INSERT INTO SGD_USM_USUMODIFICA (SGD_USM_MODCOD, SGD_USM_MODDESCR) values(42,'Quito permisos de solicitud de anulacion y anulaciones');
INSERT INTO SGD_USM_USUMODIFICA (SGD_USM_MODCOD, SGD_USM_MODDESCR) values(43,'Otorgo permiso prestamo de documentos');
INSERT INTO SGD_USM_USUMODIFICA (SGD_USM_MODCOD, SGD_USM_MODDESCR) values(44,'Quito permiso prestamo de documentos');
INSERT INTO SGD_USM_USUMODIFICA (SGD_USM_MODCOD, SGD_USM_MODDESCR) values(45,'Otorgo permiso digitalizacion de documentos');
INSERT INTO SGD_USM_USUMODIFICA (SGD_USM_MODCOD, SGD_USM_MODDESCR) values(46,'Quito permiso digitalizacion de documentos');
INSERT INTO SGD_USM_USUMODIFICA (SGD_USM_MODCOD, SGD_USM_MODDESCR) values(47,'Quito permiso impresion');
INSERT INTO SGD_USM_USUMODIFICA (SGD_USM_MODCOD, SGD_USM_MODDESCR) values(48,'Otorgo permiso modificaciones');
INSERT INTO SGD_USM_USUMODIFICA (SGD_USM_MODCOD, SGD_USM_MODDESCR) values(49,'Quito permiso modificaciones');
INSERT INTO SGD_USM_USUMODIFICA (SGD_USM_MODCOD, SGD_USM_MODDESCR) values(50,'Cambio de perfil');
INSERT INTO SGD_USM_USUMODIFICA (SGD_USM_MODCOD, SGD_USM_MODDESCR) values(51,'Otorgo permiso tablas retencion documental');
INSERT INTO SGD_USM_USUMODIFICA (SGD_USM_MODCOD, SGD_USM_MODDESCR) values(52,'Quito permiso tablas retencion documental');
INSERT INTO SGD_USM_USUMODIFICA (SGD_USM_MODCOD, SGD_USM_MODDESCR) values(53,'Cambio Fecha Nacimiento');
DELETE FROM ANEXOS_TIPO;
INSERT INTO ANEXOS_TIPO (ANEX_TIPO_CODI, ANEX_TIPO_EXT, ANEX_TIPO_DESC) values(1,'doc','Word');
INSERT INTO ANEXOS_TIPO (ANEX_TIPO_CODI, ANEX_TIPO_EXT, ANEX_TIPO_DESC) values(2,'xls','Excel');
INSERT INTO ANEXOS_TIPO (ANEX_TIPO_CODI, ANEX_TIPO_EXT, ANEX_TIPO_DESC) values(3,'ppt','PowerPoint');
INSERT INTO ANEXOS_TIPO (ANEX_TIPO_CODI, ANEX_TIPO_EXT, ANEX_TIPO_DESC) values(4,'tif','Imagen Tif');
INSERT INTO ANEXOS_TIPO (ANEX_TIPO_CODI, ANEX_TIPO_EXT, ANEX_TIPO_DESC) values(5,'jpg','Imagen jpg');
INSERT INTO ANEXOS_TIPO (ANEX_TIPO_CODI, ANEX_TIPO_EXT, ANEX_TIPO_DESC) values(6,'gif','Imagen gif');
INSERT INTO ANEXOS_TIPO (ANEX_TIPO_CODI, ANEX_TIPO_EXT, ANEX_TIPO_DESC) values(7,'pdf','Acrobat Reader');
INSERT INTO ANEXOS_TIPO (ANEX_TIPO_CODI, ANEX_TIPO_EXT, ANEX_TIPO_DESC) values(8,'txt','Documento txt');
INSERT INTO ANEXOS_TIPO (ANEX_TIPO_CODI, ANEX_TIPO_EXT, ANEX_TIPO_DESC) values(9,'zip','Comprimido');
INSERT INTO ANEXOS_TIPO (ANEX_TIPO_CODI, ANEX_TIPO_EXT, ANEX_TIPO_DESC) values(10,'rtf','Rich Text Format (rtf)');
INSERT INTO ANEXOS_TIPO (ANEX_TIPO_CODI, ANEX_TIPO_EXT, ANEX_TIPO_DESC) values(11,'dia','Dia(Diagrama)');
INSERT INTO ANEXOS_TIPO (ANEX_TIPO_CODI, ANEX_TIPO_EXT, ANEX_TIPO_DESC) values(12,'zargo','Argo(Diagrama)');
INSERT INTO ANEXOS_TIPO (ANEX_TIPO_CODI, ANEX_TIPO_EXT, ANEX_TIPO_DESC) values(13,'csv','csv (separado por comas)');
INSERT INTO ANEXOS_TIPO (ANEX_TIPO_CODI, ANEX_TIPO_EXT, ANEX_TIPO_DESC) values(14,'odt','open document text');
INSERT INTO ANEXOS_TIPO (ANEX_TIPO_CODI, ANEX_TIPO_EXT, ANEX_TIPO_DESC) values(20,'avi','.avi (Video)');
INSERT INTO ANEXOS_TIPO (ANEX_TIPO_CODI, ANEX_TIPO_EXT, ANEX_TIPO_DESC) values(21,'mpg','.mpg (video)');
INSERT INTO ANEXOS_TIPO (ANEX_TIPO_CODI, ANEX_TIPO_EXT, ANEX_TIPO_DESC) values(23,'tar','.tar (Comprimido)');
DELETE FROM SGD_APLI_APLINTEGRA;
INSERT INTO SGD_APLI_APLINTEGRA (SGD_APLI_CODI) values(0);
DELETE FROM SGD_DIR_DRECCIONES;
INSERT INTO SGD_DIR_DRECCIONES (SGD_DIR_CODIGO, SGD_DIR_TIPO) values(0, 0);
DELETE FROM SGD_CIU_CIUDADANO;
INSERT INTO SGD_CIU_CIUDADANO (SGD_CIU_CODIGO) values(0);
DELETE FROM SGD_OEM_OEMPRESAS;
INSERT INTO SGD_OEM_OEMPRESAS (SGD_OEM_CODIGO) values(0);
DELETE FROM SGD_PEXP_PROCEXPEDIENTES;
INSERT INTO SGD_PEXP_PROCEXPEDIENTES (SGD_PEXP_CODIGO,SGD_PEXP_TIENEFLUJO) values(0,0);
DELETE FROM ESTADO;
INSERT INTO ESTADO (ESTA_CODI, ESTA_DESC) values (9,'Documento Orfeo');
DELETE FROM SGD_NOH_NOHABILES;
INSERT INTO SGD_NOH_NOHABILES (NOH_FECHA) values ('2008-01-01');
INSERT INTO SGD_NOH_NOHABILES (NOH_FECHA) values ('2008-01-07');
INSERT INTO SGD_NOH_NOHABILES (NOH_FECHA) values ('2008-03-20');
INSERT INTO SGD_NOH_NOHABILES (NOH_FECHA) values ('2008-03-21');
INSERT INTO SGD_NOH_NOHABILES (NOH_FECHA) values ('2008-05-01');
INSERT INTO SGD_NOH_NOHABILES (NOH_FECHA) values ('2008-05-26');
INSERT INTO SGD_NOH_NOHABILES (NOH_FECHA) values ('2008-06-02');
INSERT INTO SGD_NOH_NOHABILES (NOH_FECHA) values ('2008-06-30');
INSERT INTO SGD_NOH_NOHABILES (NOH_FECHA) values ('2008-08-07');
INSERT INTO SGD_NOH_NOHABILES (NOH_FECHA) values ('2008-08-18');
INSERT INTO SGD_NOH_NOHABILES (NOH_FECHA) values ('2008-10-13');
INSERT INTO SGD_NOH_NOHABILES (NOH_FECHA) values ('2008-11-17');
INSERT INTO SGD_NOH_NOHABILES (NOH_FECHA) values ('2008-12-08');
INSERT INTO SGD_NOH_NOHABILES (NOH_FECHA) values ('2008-12-25');
INSERT INTO SGD_NOH_NOHABILES (NOH_FECHA) values ('2009-01-01');
INSERT INTO SGD_NOH_NOHABILES (NOH_FECHA) values ('2009-01-12');
INSERT INTO SGD_NOH_NOHABILES (NOH_FECHA) values ('2009-03-23');
INSERT INTO SGD_NOH_NOHABILES (NOH_FECHA) values ('2009-04-09');
INSERT INTO SGD_NOH_NOHABILES (NOH_FECHA) values ('2009-04-10');
INSERT INTO SGD_NOH_NOHABILES (NOH_FECHA) values ('2009-05-01');
INSERT INTO SGD_NOH_NOHABILES (NOH_FECHA) values ('2009-05-25');
INSERT INTO SGD_NOH_NOHABILES (NOH_FECHA) values ('2009-06-15');
INSERT INTO SGD_NOH_NOHABILES (NOH_FECHA) values ('2009-06-22');
INSERT INTO SGD_NOH_NOHABILES (NOH_FECHA) values ('2009-06-29');
INSERT INTO SGD_NOH_NOHABILES (NOH_FECHA) values ('2009-07-20');
INSERT INTO SGD_NOH_NOHABILES (NOH_FECHA) values ('2009-08-07');
INSERT INTO SGD_NOH_NOHABILES (NOH_FECHA) values ('2009-08-17');
INSERT INTO SGD_NOH_NOHABILES (NOH_FECHA) values ('2009-10-12');
INSERT INTO SGD_NOH_NOHABILES (NOH_FECHA) values ('2009-11-02');
INSERT INTO SGD_NOH_NOHABILES (NOH_FECHA) values ('2009-11-16');
INSERT INTO SGD_NOH_NOHABILES (NOH_FECHA) values ('2009-12-08');
INSERT INTO SGD_NOH_NOHABILES (NOH_FECHA) values ('2009-12-25');
INSERT INTO SGD_NOH_NOHABILES (NOH_FECHA) values ('2010-01-01');
